Charles White,vanessawatts@gmail.com,"800 Eric Centers Suite 648
Kellyton, AZ 31207",Ethiopia,Destinyfort,91280,139-66-0529,Futures trader,"Smith, Parker and Palmer","7253 Jennifer Keys Apt. 702
Torresburgh, ID 32551",Bouvet Island (Bouvetoya),Ericafort,94968,9/30/95 16:47,001-818-180-5982x59156,"('TZS', 'Tanzanian shilling')",38.46153846
Thomas Chase,crystal68@valentine.com,"81576 Lowe Parks
East Jade, VT 71539",Chad,Acevedotown,12346,635-02-3049,"Engineer, building services","Reyes, Cruz and Douglas","35397 Stephen Walk
Port Ryanhaven, TX 86567",Serbia,Lake Stacey,33040,3/28/90 9:31,210-296-2416,"('GTQ', 'Guatemalan quetzal')",5.102040816
Linda Perez,trichard@hotmail.com,"331 Mason Fields
Atkinsburgh, DE 78864",Thailand,North Amyhaven,45476,217-95-5821,Research scientist (maths),Williams and Sons,"5382 Janet Squares
Meganstad, PA 22555",Cocos (Keeling) Islands,Lake Christopher,78101,8/13/16 12:32,278-769-8156,"('HKD', 'Hong Kong dollar')",12.82051282
Sarah Rivera,reneepatton@perez.org,"023 Todd Orchard Apt. 110
Rebeccabury, GA 06741",Haiti,Edwardville,7860,048-50-6889,Dispensing optician,Walton and Sons,"0628 Nelson Rest Suite 201
Castroberg, NC 95960",Myanmar,Warrenton,25253,11/19/79 15:11,320.890.2587x32487,"('MZN', 'Mozambican metical')",5.952380952
Kayla Wyatt,munozkathleen@wright.com,"07287 Shepherd Flats Suite 115
Orozcotown, MD 80951",Antigua and Barbuda,North Tammyfurt,39025,667-07-2673,Equality and diversity officer,"Steele, Goodwin and Young","463 Meyers Spur Apt. 556
New Claudia, MS 19786",Mozambique,Daniellemouth,9477,2/14/87 2:31,593.821.2021x04797,"('XOF', 'West African CFA franc')",9.259259259
Gordon Martin,david95@ellison.com,"8893 Barrett Fall Apt. 564
East Williamberg, MT 62340",Cambodia,Wilsonview,62335,134-41-0376,Barrister's clerk,Smith Ltd,"27409 Walker Cape Apt. 576
West Derek, NJ 77684",Benin,West David,92286,12/19/79 6:06,001-249-100-2790x99561,"('KWD', 'Kuwaiti dinar')",7.042253521
Christina Henry,juan97@hotmail.com,"651 Peter Lights
Mayerfort, AL 60032",Palestinian Territory,New Davidchester,77337,102-16-0556,Agricultural consultant,Calderon-Jennings,"342 Wilson Flat Apt. 639
New Racheltown, WA 88916",Belgium,Hunterland,17848,2/19/87 5:48,+1-995-817-5619x8912,"('MAD', 'Moroccan dirham')",5.376344086
Jacob Taylor,zjones@gmail.com,"319 Bailey Oval
Franciscoborough, ND 05542",Saint Barthelemy,West Melanie,57800,266-73-7572,Proofreader,"Caldwell, Spencer and Johnson","4235 Burgess Mountains Apt. 823
Jesusmouth, VT 42347",Bahamas,Williammouth,99706,11/17/05 13:04,001-766-375-6068x16663,"('RUB', 'Russian ruble')",8.474576271
William Johnston,jstewart@hotmail.com,"Unit 6836 Box 0292
DPO AA 81660",Senegal,Wareport,8756,565-95-7169,Physiological scientist,Greene Group,"06758 Colon Mountains
Silvaport, SC 95175",Guinea,Tammyside,8653,12/27/84 20:37,5127829877,"('XDR', 'Special drawing rights')",6.024096386
Brian Olson,danielcunningham@gmail.com,"496 Roger Camp
North Janet, VA 42447",Andorra,Schaeferville,74708,209-41-9452,Make,"James, George and Hudson","8828 Jason Path
Lake Andrewfurt, AL 50286",British Indian Ocean Territory (Chagos Archipelago),Lake Sharonville,90921,7/18/78 19:36,(476)504-1087x704,"('XDR', 'Special drawing rights')",5.681818182
Eric Harris,jared84@yahoo.com,"1410 Roberts Walks Suite 634
West Robert, SC 66634",Cocos (Keeling) Islands,Lake Alicia,78220,308-63-4430,Copy,Christian-Valdez,"5656 Watts Springs
Lake Ronald, MT 62600",Georgia,Dennisside,65753,9/2/15 16:53,275-571-2666x46416,"('ARS', 'Argentine peso')",6.493506494
Aaron Goodwin,kyle47@yahoo.com,"56701 Hart Streets
Port Austin, NY 25665",Taiwan,South Daniel,29525,007-82-3156,Product/process development scientist,"Miller, Knight and Barrett","0591 Jerry Light Apt. 979
New Sarah, WA 11191",Kazakhstan,Nicoleberg,23806,4/21/03 16:11,+1-921-410-7773x334,"('BMD', 'Bermudian dollar')",9.090909091
Julie Neal,mcguirebrian@hotmail.com,"54105 Simmons Junctions Apt. 343
Schmidttown, NJ 49835",Montenegro,Jacobmouth,95264,886-07-7427,Chartered loss adjuster,Moore Group,"769 Mcgee Club Apt. 416
Grahamhaven, AL 08296",Canada,East Lisaport,51015,1/10/75 14:01,822-347-7300,"('PKR', 'Pakistani rupee')",15.625
Tanner Nguyen,matthew23@matthews.com,"298 Lee Brooks Suite 235
Alichester, NC 64762",Azerbaijan,Michelechester,36818,299-30-9873,"Secretary, company",Mclaughlin Group,"4858 Garner Freeway
Port Stephen, CT 32501",Italy,Kimborough,8011,9/25/93 1:28,995.086.5694,"('MKD', 'Macedonian denar')",9.259259259
Lisa Burgess,danieldavenport@wilson-barber.com,"2674 Gary Haven
West Shelby, LA 96251",Vanuatu,Robertsonmouth,96000,498-80-0182,Production manager,Kelley-Collier,"77111 Gregory Motorway Suite 864
North Dawnville, AK 58369",Georgia,Davisburgh,51554,3/2/74 11:07,562.579.1541x81769,"('PYG', 'Paraguayan guarani')",12.82051282
Kristen Smith,cruzcharlotte@yahoo.com,"652 West Brooks Suite 040
New Steven, HI 51484",India,Deborahfort,60466,882-25-1237,Retail merchandiser,Davis and Sons,"4638 Stephanie Spring Apt. 488
Gatesmouth, PA 13753",Guadeloupe,South Michellemouth,82982,7/21/09 17:07,(973)238-4529x899,"('MRO', 'Mauritanian ouguiya')",7.142857143
Erica Scott,pmurray@gmail.com,"USCGC Turner
FPO AE 39256",Christmas Island,Denisetown,85510,508-48-1078,"Engineer, drilling","Warren, Williams and Munoz","871 Melissa Extension Suite 628
North Jeremy, NY 44329",Montserrat,Jessicamouth,8892,10/29/78 3:40,+1-071-940-4686x3001,"('COP', 'Colombian peso')",100
Connie Martin,paynejoseph@williams.com,"29512 Richardson Fields Suite 136
Lake Jennifermouth, ME 17824",United States of America,Sherrytown,7173,467-53-5130,Chief Operating Officer,Moore LLC,"36978 Smith Course
Lake Aliciachester, AK 53220",Heard Island and McDonald Islands,North Brittany,60070,8/11/91 4:09,919.757.0802x03757,"('LAK', 'Lao kip')",15.625
Carlos Baker,gonzalezjoseph@hotmail.com,"486 Matthew Spur Apt. 532
Christopherland, IA 62518",Fiji,Susanmouth,65609,661-50-0256,Chief Financial Officer,Barber Group,"1936 Jeremy Wall
South Alexanderfurt, IL 50110",Montenegro,Alexanderland,11285,5/13/89 18:48,771-196-3956x9980,"('BAM', 'Bosnia and Herzegovina convertible mark')",8.196721311
Andrew Vang,sarahanderson@gmail.com,"28293 Carlson Fork
Ryanberg, TX 16021",Guinea-Bissau,Lake Brittney,28657,129-72-9296,Prison officer,Hines Ltd,"0079 Tricia Walk Apt. 463
Wilsonhaven, DC 83546",Iceland,Julieshire,33031,10/24/07 22:21,517.172.0147x14478,"('HTG', 'Haitian gourde')",6.41025641