Margaret Carroll,cameron66@hotmail.com,"3855 Aaron Radial Suite 953
Mariaview, MT 63418",Papua New Guinea,Aaronhaven,65902,515-77-1055,Radio producer,"Lewis, Hughes and Hale","77620 Hall Pines Suite 296
Campbellport, DC 91872",Nigeria,North Joshua,97395,1985-09-23 12:08:27,(729)556-7760,"('SAR', 'Saudi riyal')",10.869565217391305
Jennifer Graves,andrew84@gmail.com,"86843 Mark Plaza
North Lori, RI 58527",Liechtenstein,North Chasechester,73733,669-11-9107,Furniture designer,"Strickland, Glenn and Klein","0515 Dunn Mount Apt. 650
West Katrinaville, NH 88653",Martinique,New Betty,65788,1973-09-20 01:27:19,311.671.7520,"('TWD', 'New Taiwan dollar')",33.333333333333336
Angela Villegas,caseyshepherd@mccarty.com,"43181 Johnson Loop
Stantonmouth, IL 42226",Guadeloupe,Port Jason,88173,301-99-9858,Communications engineer,Hudson-Wilkinson,"USNV Brown
FPO AA 20243",Bolivia,South Kathleenview,86186,1988-10-29 03:32:16,(773)980-4782x55190,"('GHS', 'Ghanaian cedi')",250.0
Eric Kent,fgibbs@gmail.com,"043 Kyle Terrace Apt. 518
Port Ericton, NC 99527",Angola,Michaelmouth,40403,831-24-0145,Intelligence analyst,Morales-Rodriguez,"21231 Thomas Way
Melissastad, NY 16486",Christmas Island,Diazstad,60141,2001-05-07 22:39:37,(321)709-3518x3016,"('MKD', 'Macedonian denar')",5.1020408163265305
Lauren Williamson,cindyaguilar@hotmail.com,"37077 Rachel Plaza
Jamesland, CA 99131",Monaco,Hooverville,91451,501-90-4027,"Administrator, Civil Service",Robinson-Fischer,"Unit 6917 Box 7262
DPO AA 47882",Northern Mariana Islands,Jeffreyborough,09974,1975-08-11 10:43:53,+1-330-846-5301x2987,"('JEP', 'Jersey pound')",18.51851851851852
Tiffany Flynn,johnsalinas@hotmail.com,"561 Smith Glen
East Matthew, WA 09379",Lao People's Democratic Republic,Lake Erik,65815,272-43-7335,"Programmer, multimedia",Williams LLC,"51568 Gibbs Loop
Port John, MI 59377",Ecuador,West Mariaview,73020,1995-04-14 00:56:37,+1-128-179-0329x656,"('VUV', 'Vanuatu vatu')",26.31578947368421
James Holmes,autumn84@yahoo.com,"657 Murray Drive
Rodriguezchester, LA 35790",Japan,South Emily,31790,491-86-7783,Hotel manager,Moore Group,"06387 Jonathan Groves
West Amberbury, MS 26616",Wallis and Futuna,East Josephstad,31815,2018-09-26 03:00:52,001-842-011-3030x31811,"('NPR', 'Nepalese rupee')",17.24137931034483
Amanda Cuevas,jonathanblack@cook.info,"45715 Nicholas Junctions Suite 056
Mariaton, MN 98417",Tunisia,Erinstad,97937,529-90-5142,Customer service manager,Davies-Mcclain,"731 Mitchell Parkways Apt. 169
Derrickmouth, KS 51819",Oman,New Michellefort,45269,2006-08-06 07:02:59,7377156158,"('MZN', 'Mozambican metical')",18.51851851851852
Lori Porter,jefferyfleming@yahoo.com,"58965 Molina Trace Suite 931
Jamesmouth, NM 87931",Iran,South Carrie,24302,149-15-2241,Operations geologist,Johnson-Gonzales,"428 Matthew Park
East Matthew, OR 40168",Madagascar,Lake Pamela,18949,1998-12-18 14:05:25,717.982.3842,"('CUC', 'Cuban convertible peso')",25.0
Brittany Crane,amy48@lewis-mora.com,"220 Mckinney Cliffs Apt. 025
Charlesfort, WA 75375",Madagascar,Port Cristinaville,54431,080-33-1696,Warden/ranger,Combs Ltd,"0068 Hicks Key Suite 325
North Joshuahaven, NV 04483",United States Virgin Islands,Port William,88255,1995-02-02 05:59:15,428.913.9352x599,"('BYR', 'Belarusian ruble')",6.024096385542169
Carrie Robinson,cschultz@gmail.com,"4611 Jamie Causeway
North William, VA 65781",Saudi Arabia,Odomborough,05406,465-85-9802,Furniture designer,Brewer-Lambert,"69504 Clark Flat Suite 117
Laurenchester, AR 55583",Guernsey,Port Nicoleside,22684,1994-09-06 22:23:50,957-801-5804x2935,"('NAD', 'Namibian dollar')",5.434782608695652
Richard Moore,bmata@yahoo.com,"56846 Aguilar Mount
West Haydenborough, MD 71895",Niue,Coxberg,21107,043-95-9064,Hospital pharmacist,"Chen, Hunter and Wilson","39031 Monica Turnpike Suite 947
Murrayfurt, GA 00748",Chile,West Rachelville,35560,1978-12-22 20:35:17,720.891.2172,"('XAF', 'Central African CFA franc')",7.142857142857143
Carla Kline,yshelton@gmail.com,"USNS Davis
FPO AE 94298",French Southern Territories,West Michael,88156,079-41-5965,"Scientist, water quality",Griffin Group,"57355 Preston Lake
East Corey, IL 54125",France,Lake Zachary,18919,1976-08-27 00:29:02,+1-034-554-3600x3583,"('VEF', 'Venezuelan bolívar')",7.042253521126761
Mark Mcdonald,holly35@burch.com,"5968 Turner Tunnel
Craigchester, IA 37127",Heard Island and McDonald Islands,New Nathanhaven,62755,382-45-6716,"Surveyor, planning and development",Jackson-Perry,"USS Calderon
FPO AA 77852",Sweden,Denisemouth,17943,1982-08-13 03:49:54,302-306-1447,"('SPL', 'Seborga luigino')",14.285714285714286
Brittany Martin,jamestimothy@roberts-mullen.info,"188 David Lodge
North Ethan, NM 95966",Sierra Leone,Leechester,73191,728-59-9447,Colour technologist,"Wood, Mccormick and Ramirez","62094 Potter Lake Suite 481
Valeriechester, CO 33047",Singapore,West Ericborough,61462,1977-02-05 07:35:40,001-534-986-5994x8139,"('CUC', 'Cuban convertible peso')",10.869565217391305
Susan Miller,chandlerterry@crawford-schultz.info,"USNS Payne
FPO AA 40362",Chile,Adrienneland,74197,679-08-6476,Secondary school teacher,"Jones, Brooks and Anderson","9030 Atkins Hill Apt. 732
Lake Dawnhaven, ND 75288",Israel,Kristinaport,05331,1988-03-23 10:12:08,(687)342-2680x5101,"('UGX', 'Ugandan shilling')",7.246376811594203
Heather Delgado,leonautumn@bowen.com,"96225 Manning Park Apt. 091
Port Marktown, MI 33778",Kyrgyz Republic,North Janet,68593,639-14-9758,Tour manager,Johnson Inc,"15787 Davis Hill
South Chadstad, HI 32492",Maldives,East Meganstad,67701,1979-03-11 10:13:12,529-835-0963x132,"('LYD', 'Libyan dinar')",9.615384615384615
Alexis Perkins,higginscheryl@hotmail.com,"047 Rogers Tunnel Suite 024
Port Bryanside, OH 77309",Gibraltar,Johnsonshire,62133,671-81-5609,"Development worker, international aid",Wagner PLC,"4458 Gordon Wells Apt. 560
West Elizabeth, MA 82061",Tunisia,Lake Stephaniemouth,94701,1974-02-03 07:58:44,177-048-4591,"('CZK', 'Czech koruna')",10.869565217391305
Martin Allen,larry92@blair.org,"2907 Helen Estates Suite 325
East Rebecca, OK 82602",Tanzania,Paulachester,23721,546-52-1852,Commercial/residential surveyor,Hurley and Sons,"77371 Michael Motorway Apt. 569
East Garyshire, NM 11810",Saint Martin,East Biancastad,53939,1976-02-04 14:20:45,684.230.6911x088,"('MYR', 'Malaysian ringgit')",6.578947368421052
David Wong,pmclaughlin@zamora.com,"3015 Jacob Flats
Andrewland, TX 20711",Cayman Islands,Clarkborough,17128,643-42-0462,"Editor, magazine features","Reynolds, Jackson and Smith","4947 Kayla Locks
East Alyssa, CT 88425",Latvia,East Matthewfurt,30229,1986-06-30 04:35:00,753-335-2274x1524,"('KPW', 'North Korean won')",7.575757575757576
William Gibson,dawnfowler@cervantes.com,"662 Gross Mount
Johnhaven, MO 26045",Monaco,New Tonyamouth,52003,164-29-6525,IT sales professional,Aguilar Ltd,"459 Mccullough Mount Apt. 649
South Theresa, LA 58034",Luxembourg,Port George,95487,2015-02-12 13:22:55,+1-527-873-4916x9198,"('JPY', 'Japanese yen')",5.9523809523809526
Andrea Juarez,crystalschwartz@hotmail.com,"Unit 6612 Box 6562
DPO AP 91201",Mauritius,Jenningsville,70973,232-35-8688,Probation officer,Silva-Rice,"110 Hancock Path
Alexandraland, NV 87385",Czech Republic,East Kristina,95900,1993-06-05 19:49:29,(616)027-2671,"('PLN', 'Polish zloty')",11.11111111111111
Christina Allen,campbellbrittany@gmail.com,"365 Megan Island
West Thomas, OK 40405",Haiti,West Sherry,50802,410-65-9025,Printmaker,Huerta Ltd,"92248 Miranda Fields Suite 401
East Tony, ND 25287",France,Leeside,88815,1982-11-10 19:52:13,0799422635,"('HNL', 'Honduran lempira')",19.23076923076923
Christina Sandoval,bellelizabeth@yahoo.com,"63313 Jensen Ramp Apt. 503
Ericbury, ND 37272",Madagascar,Bradshawton,17789,080-48-2383,Housing manager/officer,"White, Lewis and Caldwell","USNV Coleman
FPO AE 51961",Qatar,Kellyport,24034,2003-12-28 20:27:30,(133)909-1204x65963,"('JOD', 'Jordanian dinar')",6.410256410256411
Tiffany Garcia,paul74@yahoo.com,"10446 Lisa Orchard Suite 212
New Stacy, IA 17450",Mozambique,Mcdanielville,72719,841-91-2100,Private music teacher,Thomas Ltd,"6459 Jenkins Streets
East Phillip, OR 51351",Sri Lanka,Port Jeanettemouth,78788,1994-12-30 16:45:46,001-593-805-3147x01155,"('MXN', 'Mexican peso')",5.05050505050505
Jennifer Carr,amandaburns@ferguson-jones.biz,"98973 Wilson Cove Apt. 364
Lake Jeffreybury, NY 95152",Malaysia,Port Bettyfurt,81681,154-32-5036,Optometrist,Lynch Group,"82243 Alexandra Village
Jeremyport, CA 88013",El Salvador,Judyborough,93518,2011-02-12 02:28:32,8972246969,"('COP', 'Colombian peso')",6.756756756756757
Rachel Elliott,woodnicole@maddox.org,"93853 James Extension
New Aprilfort, LA 54230",Burundi,New Erik,94465,618-50-0406,Software engineer,"Cook, Evans and Mills","USNV Taylor
FPO AA 94023",Malawi,North Michael,75232,1974-09-12 16:41:54,001-971-815-5431x2569,"('TOP', 'Tongan paʻanga')",20.833333333333332
Teresa Petersen,jsimmons@yahoo.com,"65462 Luna Well Suite 219
East Tamaraburgh, AZ 09153",Austria,Kellyville,91048,195-89-9674,Secretary/administrator,"Jacobs, Perez and Duran","637 Steven Bridge
Lake Brianburgh, FL 39518",Nepal,Timothyborough,88616,2000-11-17 23:03:49,191-868-8226,"('BHD', 'Bahraini dinar')",13.157894736842104
April Barnes,warrenjoshua@yahoo.com,"2976 Sean Streets Apt. 481
Lake Alexanderberg, DC 28798",Gibraltar,North Rubenview,98580,526-35-7212,Ship broker,"Willis, Robles and Anderson","5497 Julian Lock
New Matthew, OH 49622",Solomon Islands,East Jacob,47002,1996-03-30 05:51:09,001-642-647-9245,"('JMD', 'Jamaican dollar')",7.575757575757576
Morgan Harris,qcook@gmail.com,"58046 Thompson Glen
Orrmouth, CT 81152",Peru,Yangshire,97701,289-14-7869,International aid/development worker,Marshall LLC,"016 Andrew Ferry
Averyfort, AK 08355",Vietnam,Lake Linda,04490,1975-07-25 15:33:34,659.945.7057,"('CHF', 'Swiss franc')",9.803921568627452
Patricia Martin,bernardchris@acevedo.info,"71784 Amber Wells Apt. 345
Ryanberg, CA 88493",Saint Vincent and the Grenadines,South Robert,78263,821-18-2213,Medical technical officer,Cox-Marquez,"680 Jeffery Prairie
New Johnton, AK 57601",Libyan Arab Jamahiriya,Lake Charlesmouth,60475,2003-11-02 12:03:22,(488)912-4602x38447,"('BDT', 'Bangladeshi taka')",5.681818181818182
Joseph Kelly,joseph03@yahoo.com,"8331 Emily Forks Apt. 831
Carpenterbury, ID 02563",Djibouti,South Kimberly,37936,738-18-3538,Recycling officer,"Johnson, Pineda and Graves","3789 Fowler Gateway Suite 899
Michaelburgh, NC 39884",Bulgaria,North Stephaniefurt,74843,2013-01-09 19:46:39,046-169-1273x66280,"('HRK', 'Croatian kuna')",7.042253521126761
Mr. Mark Patton,crystal04@johnson-moore.com,"0729 Albert Mount
West Vincent, MN 24281",British Virgin Islands,Jennaton,49649,300-84-0508,Corporate investment banker,Harding Inc,"28761 Kidd Mountain Apt. 550
Port Patriciaview, AZ 10374",Fiji,North Natalieton,92440,1978-05-07 11:03:40,(566)960-0058,"('CVE', 'Cape Verdean escudo')",100.0
Eric Mcdonald,alewis@hotmail.com,"99699 Keith Brooks
Port Stanley, ME 20117",Kuwait,North Joseph,50094,576-18-4503,"Therapist, occupational",Cross PLC,"4977 Hood Square
Cynthiahaven, KY 54531",Pakistan,South Christina,18568,1979-10-19 22:35:39,820.823.3107,"('SHP', 'Saint Helena pound')",11.363636363636363
Amber Graham,isaac02@gmail.com,"81843 Lee Locks
Mezastad, ID 40916",Algeria,Bairdmouth,82834,039-67-2561,Biomedical engineer,"Torres, Ayers and Morris","849 Brian Isle Apt. 472
Lake Laurentown, IL 41663",Mayotte,Monroeville,93467,2009-05-02 11:13:32,001-817-237-9378,"('MYR', 'Malaysian ringgit')",5.2631578947368425
Stephanie Jones,pgarza@gmail.com,"3439 Hamilton Common Apt. 414
Lake Julie, AR 14651",Gabon,South Donnafort,27665,302-10-1584,Food technologist,Gomez-Nielsen,"126 Brandon Spring
Port Victoriaburgh, WI 78431",Morocco,East James,85306,1994-11-17 07:06:42,(227)549-9798x9552,"('GHS', 'Ghanaian cedi')",7.142857142857143
Darlene Hammond,harrislori@gmail.com,"647 Hubbard Path Apt. 536
Janemouth, AR 16840",Seychelles,Lake Frankbury,54669,523-49-3091,Health service manager,Sandoval LLC,"30054 Wilson Shore
Huntermouth, WY 03002",Israel,North Ronald,57687,1971-10-27 07:12:49,+1-610-444-6971x125,"('KPW', 'North Korean won')",55.55555555555556
Jonathan White,huynhrobert@hotmail.com,"Unit 8413 Box 0348
DPO AE 79729",Hong Kong,Reginaldton,93026,772-28-3480,Public librarian,House-Alvarez,"USNS Phillips
FPO AP 10399",Timor-Leste,Tammyport,42009,2001-01-22 18:43:24,472.124.5096,"('UZS', 'Uzbekistani soʻm')",35.714285714285715
Jenna Arnold,michaelwest@yahoo.com,"19696 Ramirez Plaza
Ryanburgh, AZ 82325",Tokelau,West Steveburgh,08521,391-18-6323,Industrial buyer,"Malone, Carroll and Yoder","8598 David Points Apt. 277
East Mario, NY 20132",San Marino,Ruizhaven,15004,1995-09-19 22:32:17,167-488-5292x998,"('DJF', 'Djiboutian franc')",55.55555555555556
William Rivers MD,leonardtammy@copeland.com,"233 Morgan Route Suite 876
Christopherfurt, CT 73200",Sweden,North Scott,40056,295-11-4188,Orthoptist,"Weaver, Herman and Wood","072 Timothy Lights
Reidhaven, TN 27335",San Marino,Jacksonburgh,48137,1979-04-23 23:37:37,(346)777-6034x117,"('SLL', 'Sierra Leonean leone')",6.666666666666667
Marc Ferguson,waltondavid@gmail.com,"00987 James Field
Port Robinbury, KY 72653",Guyana,New Christineland,91947,809-04-6400,Meteorologist,Gomez Inc,"993 Garcia Throughway Apt. 167
Lake Shannon, NE 31436",Korea,Port Danielshire,03306,1997-08-22 03:15:29,419.747.2222x06186,"('WST', 'Samoan tālā')",5.2631578947368425
Meredith Thomas,christopher81@blankenship-davis.com,"42069 Melissa Ports Apt. 165
Lake Peterport, KS 20406",Jamaica,Leehaven,51240,159-07-5270,"Therapist, occupational","Moore, Abbott and Duncan","622 Colton Crossing Apt. 716
New Christophermouth, SC 24041",Afghanistan,North Shellyhaven,58178,2012-05-22 21:20:09,151-256-9266,"('AMD', 'Armenian dram')",35.714285714285715
Lisa Mitchell,kingbrett@duran.biz,"USCGC Baldwin
FPO AP 35511",Pitcairn Islands,Gonzalezmouth,32312,001-42-3422,Emergency planning/management officer,Ortiz Ltd,"4767 Johnson Estate
South Richardborough, AR 95282",Kuwait,Lake Stephenberg,18801,1981-06-08 07:23:32,774-287-7302,"('KGS', 'Kyrgyzstani som')",45.45454545454545
Lori Turner,kbrown@austin-banks.com,"1291 Crawford Lock
Port Lisa, TN 84533",Portugal,Barnesmouth,31631,120-39-5021,Ecologist,Collins LLC,"065 Tony Court Apt. 520
Millerfurt, NC 27625",Trinidad and Tobago,West Nathanielton,91368,1997-10-06 01:24:05,+1-836-522-1201,"('BZD', 'Belize dollar')",33.333333333333336
Matthew Diaz,hcastro@greene.com,"9925 Lewis Course
West Kathleen, ME 18155",British Virgin Islands,Calvinville,27592,834-67-5849,Geoscientist,"Bailey, Barry and Newman","848 Vaughn Ramp
North Joyceshire, MA 00873",Heard Island and McDonald Islands,South Crystalstad,24752,1993-02-06 05:02:07,(449)398-1745x1131,"('CHF', 'Swiss franc')",23.80952380952381
Renee Acosta,thompsonbryan@gmail.com,"2350 Tami Mount Suite 264
Tammyborough, OR 02262",Mali,Joseborough,47359,231-46-4761,"Teacher, primary school","Hood, Roberts and Mckay","USNS Bennett
FPO AP 74751",Ethiopia,Ryanport,60452,1974-07-08 13:57:15,522-750-0514,"('CVE', 'Cape Verdean escudo')",5.319148936170213
Christopher Aguirre,clowe@sullivan-clark.com,"1998 Rachel Mountains Suite 641
East Travis, MT 91355",Germany,Hunterberg,64290,570-30-0643,Museum/gallery curator,Caldwell Ltd,"729 Jennifer Village
Mollyville, MN 46708",Greenland,Hendricksshire,75265,2003-11-01 10:55:17,+1-638-140-4164x72879,"('XOF', 'West African CFA franc')",10.869565217391305
Jonathan Brown,nancyrobinson@stewart.com,"Unit 8392 Box 9291
DPO AP 95866",Palestinian Territory,Jenniferstad,98035,758-97-9615,Barrister's clerk,"Hopkins, Perez and Velasquez","USCGC Martinez
FPO AA 35088",Turkmenistan,Skinnerville,43988,1985-08-23 18:12:36,001-045-992-2291x459,"('BAM', 'Bosnia and Herzegovina convertible mark')",5.681818181818182
Katherine Walker,cunninghamvincent@hotmail.com,"54540 William Curve
Lake Eric, PA 87989",Tanzania,Lake Michelle,49588,622-52-3261,Computer games developer,Silva Group,"218 Eugene Terrace Suite 606
New Jasmineton, AL 35880",Barbados,New Lisa,40449,2007-09-07 09:55:26,163-061-9524,"('TRY', 'Turkish lira')",6.666666666666667
Theresa Church,diana31@vasquez-burton.org,"45149 Brandon Fort
Clarkside, IN 27066",Kenya,Clarkfort,21298,465-54-8604,Actuary,"Weaver, Bowman and Benson","54226 Lucas Wall
New Abigailton, IN 50120",Saint Helena,North Charlesville,05567,1987-11-16 01:52:02,295.150.5568,"('NZD', 'New Zealand dollar')",5.05050505050505
Toni Hampton,jonespeter@hotmail.com,"447 Jose Shoals Suite 962
Heathertown, KY 46574",Madagascar,North Meghan,09948,630-17-2733,Broadcast journalist,Collins-Ramirez,"9696 Freeman Circles Apt. 017
Port Katherinemouth, NV 93721",Italy,Mcmahonland,03563,1986-11-11 17:17:51,001-213-588-9694x2752,"('TOP', 'Tongan paʻanga')",5.4945054945054945
Jennifer Sanchez,bailey11@yahoo.com,"7270 Daniel Junction Suite 000
East Christopher, AK 80886",Lao People's Democratic Republic,South Scottside,66608,266-79-7294,"Journalist, magazine",Sanchez and Sons,"39507 Richard Forge Suite 497
Gillbury, HI 97603",Cyprus,Townsendview,76123,2001-11-28 15:38:00,(265)434-9193,"('BND', 'Brunei dollar')",17.24137931034483
Christopher Montes,wilsonhailey@hotmail.com,"748 Sellers Cape
New George, NC 65553",Germany,Sandovalton,82347,477-18-7244,"Designer, ceramics/pottery",Reese-Young,"8228 Amy Forks Suite 362
West Monica, ID 51635",Saint Lucia,East Mistymouth,32841,2010-04-18 04:53:00,(147)467-4251x87216,"('PAB', 'Panamanian balboa')",5.882352941176471
Amy Fox,annmendez@gmail.com,"810 Jeffrey Pines Apt. 604
New Michael, MD 55741",Gabon,New Brettborough,17361,459-05-1873,"Embryologist, clinical",Hill PLC,"195 Lopez Glen
East Carlview, OK 93074",Liberia,New Rhonda,93801,2008-05-22 21:45:28,7862138240,"('PYG', 'Paraguayan guarani')",18.51851851851852
Daniel Garcia,fgarcia@lee.info,"9879 Scott Meadow Apt. 882
Elizabethton, CT 36982",Paraguay,Fordmouth,43008,703-66-1765,Estate agent,Lewis Inc,"910 Alexander Falls Suite 658
Ebonychester, ID 62286",Liberia,South Juan,42784,1991-07-23 15:10:19,+1-078-866-4017x11471,"('TJS', 'Tajikistani somoni')",23.80952380952381
Lisa Adams,hoffmanzachary@gmail.com,"96726 Larsen Walks
North Nathanielshire, WA 56894",Denmark,Beanfort,21752,554-17-4811,"Engineer, communications","Collins, Salas and Bean","64036 Rachel Centers
East Pamelaburgh, VT 89906",Gambia,Davidland,70106,2001-01-26 18:03:25,(970)242-5201,"('MYR', 'Malaysian ringgit')",7.6923076923076925
Mr. Aaron Carter,tmontoya@black.info,"054 Jamie Station Apt. 320
Nealfort, MT 32705",Cocos (Keeling) Islands,Williamsville,13753,730-74-5201,"Radiographer, diagnostic",Taylor Inc,"734 Gordon Ferry Suite 585
Port Cheryl, CT 11021",Central African Republic,North Brendaport,03292,2003-10-08 10:03:47,6789031106,"('XPF', 'CFP franc')",55.55555555555556
Kristina Bowman,jeremy37@gmail.com,"1812 Roy Fields
East John, NJ 87578",Hong Kong,Lake Davidmouth,28542,031-06-1850,Automotive engineer,Keller Ltd,"955 Mark Fords
East Angelaville, WY 15267",Kiribati,Hollowayhaven,69289,2017-02-14 12:19:59,001-777-425-3559x3408,"('PKR', 'Pakistani rupee')",14.705882352941176
John Johnston,mcarlson@hotmail.com,"26617 Christopher Stream
Port Kenneth, SD 77921",Angola,South Kathleen,74860,329-38-2153,"Surveyor, commercial/residential",Mcgee Group,"0229 Young Port Apt. 400
Armstrongtown, VA 77526",Tonga,Michaelburgh,68552,1971-09-12 14:52:06,144.683.4211,"('TND', 'Tunisian dinar')",6.172839506172839
Joseph Martin,tsullivan@gmail.com,"2972 Perez Freeway
Richardport, AZ 62086",Jersey,East Micheleberg,36836,174-56-7250,Petroleum engineer,Luna-Mejia,"Unit 4412 Box 3492
DPO AA 51478",Yemen,West Jamesbury,24492,2008-08-08 17:43:03,730-806-3123,"('IMP', 'Manx pound')",6.8493150684931505
Patrick Hernandez,wilkinsjason@hotmail.com,"223 Hill Points
Loriside, DE 79528",South Africa,Lake Williamtown,16859,342-04-6123,"Surveyor, building",Adams LLC,"USCGC Riddle
FPO AA 80963",Trinidad and Tobago,North Ashleyside,91809,1980-01-20 18:38:25,664-123-1548,"('BRL', 'Brazilian real')",5.2631578947368425
Samuel Nguyen,wkhan@murphy.biz,"5690 Melissa Ridges
Lake Alexport, IL 73985",Palestinian Territory,Williamston,61200,576-30-1051,Chief Marketing Officer,Hernandez-Roberts,"695 David Ville
Maldonadofurt, AL 09726",Holy See (Vatican City State),East Adrian,72312,1999-12-03 01:49:35,+1-793-087-2915x72805,"('ILS', 'Israeli new shekel')",5.434782608695652
Kathryn Hutchinson,davidwood@gmail.com,"2217 Hardin Vista
West Sarahshire, NY 21228",Sierra Leone,Greenfort,09428,228-45-0557,Environmental education officer,Warner-Reeves,"411 Phillip Roads Suite 948
Williamsonmouth, AR 80858",Kuwait,Lake Christopher,45756,2012-06-11 22:49:03,001-461-390-4447x397,"('MWK', 'Malawian kwacha')",10.638297872340425
Monica Washington,jenkinsbrendan@wong-williams.net,"900 Brown Locks
South Corey, NJ 07385",Zimbabwe,East Russellburgh,41463,759-59-6528,Insurance claims handler,Ibarra PLC,"02655 James Ports Suite 164
Gregorymouth, KS 94412",Marshall Islands,Petersonburgh,11884,2003-09-17 06:50:15,468.181.9259,"('UZS', 'Uzbekistani soʻm')",10.638297872340425
Martin Conway,doyleangelica@pope-frank.com,"2000 Shawn Valleys
Gordonport, WA 99667",Lesotho,Clarkview,87208,891-63-0851,Psychiatrist,Peterson Ltd,"91766 Christian Harbor Suite 986
Kaylaport, HI 16904",Bolivia,West Sonyaville,10315,1988-12-07 21:05:54,+1-859-585-7268x90817,"('UYU', 'Uruguayan peso')",16.129032258064516
Jesse Barber,bstevenson@gmail.com,"4211 Terry Ramp Suite 430
New Markport, GA 96783",Venezuela,Sharonborough,76770,077-88-8368,"Librarian, academic","Wagner, Anderson and Ward","2439 Lee Crossroad Apt. 860
Port Manuelville, UT 66358",Congo,Lake Monicamouth,91203,2015-10-22 15:01:01,001-149-294-7452x7070,"('ZAR', 'South African rand')",45.45454545454545
Linda Davis,marilyn43@gmail.com,"9853 Dakota Key Apt. 314
Lake Larryberg, ME 13977",Cote d'Ivoire,Parsonsland,95166,441-05-9677,Accounting technician,Farrell and Sons,"213 Arroyo Point
Mooreland, MN 19605",Bahrain,Julieton,84580,1983-05-01 05:13:31,554.170.0970,"('GMD', 'Gambian dalasi')",21.73913043478261
Christopher Holmes,jberry@nelson.org,"44111 Emily Wells Suite 362
East Jamesside, NY 26071",Congo,New Jenniferchester,11725,408-14-4702,Dealer,Jones PLC,"50232 Krystal Course Apt. 675
East Luis, OH 90697",Botswana,Perkinsmouth,21990,1980-08-06 17:22:50,+1-529-925-9864x63543,"('GEL', 'Georgian lari')",5.0
Samuel Davis,rhebert@boone-gonzales.com,"7152 Autumn Bypass
Schroederside, IA 88908",Seychelles,Donnashire,56638,651-64-1082,Building services engineer,Turner PLC,"USCGC Anderson
FPO AE 30807",Nigeria,Robertsonchester,93865,1998-04-25 18:12:19,+1-228-346-5141x96487,"('KZT', 'Kazakhstani tenge')",7.462686567164179
Jason Jimenez,douglasjoshua@buckley-wright.com,"0548 Ruiz Mews Suite 145
Katelynton, MO 27247",Haiti,Port Michaelport,21098,122-68-2391,"Nurse, adult","Turner, Fox and Mills","452 Linda Hill
West Nicholas, DE 73161",Botswana,South Alexishaven,96842,2009-02-05 19:50:30,+1-516-634-7206x444,"('XOF', 'West African CFA franc')",13.157894736842104
Vanessa Schaefer,dixonkathleen@peterson-webb.com,"223 Jeffrey Corner Suite 977
Bryanbury, MI 69577",Norfolk Island,Keithmouth,34429,087-99-9504,Automotive engineer,Sims-Duran,"125 Huffman Pike Suite 177
Port Michael, DE 12349",Brazil,Juarezland,92492,2006-12-04 12:07:03,6314208481,"('MRO', 'Mauritanian ouguiya')",71.42857142857143
Donna Davenport,hendersonmichelle@burnett.com,"89074 Hill Field Suite 226
Port Katie, MS 13710",Norway,Savannahfort,17401,718-78-8221,Public relations officer,Osborne-Bauer,"2539 Bryant Route
Richardshire, MS 17339",Germany,Lake Matthew,40053,1981-10-15 23:16:43,936-240-1845x097,"('XOF', 'West African CFA franc')",20.0
Wendy Dickson,wgreen@palmer.biz,"238 Soto Pines Suite 309
Loriland, AR 71711",Tanzania,East Karen,63538,814-33-1257,Lobbyist,"Padilla, Baker and Snyder","510 Elizabeth Neck Suite 235
Port Michelle, MT 45294",Barbados,Taylormouth,06448,1974-06-01 12:15:57,924-986-3242x0939,"('ILS', 'Israeli new shekel')",5.376344086021505
Candice Davila,emartinez@hotmail.com,"9992 Rios Viaduct Apt. 836
Emilyberg, DC 96665",Isle of Man,Lake Lisafort,38436,756-98-5615,Tourist information centre manager,Allen Inc,"48885 Sarah Mountains
North Davidview, MO 40521",Burkina Faso,Port Toniport,19570,1999-07-01 09:38:23,(774)316-4685x3807,"('MXN', 'Mexican peso')",29.41176470588235
Timothy White,shawnjohnson@porter.com,"64578 Valencia Vista
Taylorstad, IA 67663",Iran,Torresville,48243,263-99-0966,Chief Technology Officer,"Holmes, Gonzales and Smith","9863 Zachary Station Suite 746
New Frankfurt, TX 02469",Spain,Katherinehaven,78527,1998-12-02 03:23:16,+1-684-509-6294,"('SOS', 'Somali shilling')",7.142857142857143
Kari Grant,nicole06@miller.biz,"3496 Osborne Cliffs
East Donnahaven, NM 15329",Iran,South Nathanfurt,97502,759-71-3018,"Biochemist, clinical",Gregory-Davidson,"3450 Porter Brook
North Tinashire, IA 34831",Suriname,Brittanyport,54865,1997-02-25 13:34:28,+1-614-915-9775x5512,"('KRW', 'Western Krahn language')",7.142857142857143
Edwin Jones,belltyler@townsend-bird.com,"395 Michelle Stream
Jasonfurt, MO 83436",Kenya,Griffinberg,35830,012-35-2713,Art gallery manager,"Hamilton, Palmer and Moreno","34010 Donna View Apt. 091
Kramerland, LA 09070",Northern Mariana Islands,Diazchester,88041,1991-03-01 15:41:47,380.787.1959x477,"('SBD', 'Solomon Islands dollar')",9.433962264150944
Carolyn Maynard,valerie14@gmail.com,"2758 Lopez Club Apt. 896
Port Jessechester, ID 86612",Trinidad and Tobago,New Brittney,23485,682-34-5838,"Programme researcher, broadcasting/film/video","Morris, Patterson and Snyder","015 Pruitt Skyway
Mitchellburgh, UT 95752",Guatemala,East Danielhaven,53882,1993-04-06 15:44:29,3534399777,"('JPY', 'Japanese yen')",13.157894736842104
Tyler Ellis,andersondavid@taylor-black.com,"021 Melendez Stream
New Oliviaview, VT 67172",Albania,Simschester,34680,607-01-3874,Environmental consultant,Acosta and Sons,"043 Phillip Ridge Suite 532
East Morgan, CA 12967",Samoa,North Julia,18729,1992-03-14 02:26:51,6240190708,"('ALL', 'Albanian lek')",8.474576271186441
Bryan Beard,langjustin@hotmail.com,"97366 Alicia Creek
Jennifershire, ND 29406",Thailand,Elizabethstad,38186,087-60-8610,Tax adviser,Johnson LLC,"190 Robert Estates
New Michaelberg, MS 84767",Norfolk Island,Port Lauraside,40788,1996-10-28 08:34:36,463-078-6742x61151,"('SCR', 'Seychellois rupee')",18.51851851851852
Paul Russell,ortizsamantha@hotmail.com,"535 Rebecca Oval
North Shelly, SC 81587",Christmas Island,Lake Christopher,48148,035-04-4120,Pensions consultant,"Sanford, Gutierrez and Pruitt","15592 Lane Views
Danieltown, DE 37429",Guinea-Bissau,Crosston,89071,1970-07-01 03:36:52,053-598-8437,"('AMD', 'Armenian dram')",50.0
Christopher Jones,qhernandez@roberts.com,"7748 Catherine Plains
South Tracy, MD 22223",Greenland,Ambermouth,99014,278-09-7480,Adult guidance worker,"Whitney, Waters and Torres","585 Bennett Manors Suite 725
Mooreburgh, UT 10487",Antigua and Barbuda,New Derrickberg,13718,1976-10-27 04:40:31,630-266-6650,"('SOS', 'Somali shilling')",83.33333333333333
Lori Peterson,zalvarez@williams-johnson.com,"769 Franklin Isle Suite 683
Oliviaton, IA 33330",Korea,Port Kimberlychester,72870,825-60-2273,Public relations account executive,Hicks-Mitchell,"082 Antonio Summit
Martinezmouth, ND 64458",Paraguay,Robinsonton,72439,2011-08-02 10:51:06,502.069.2281x726,"('GNF', 'Guinean franc')",6.666666666666667
Neil Mcmahon,sarahlopez@carpenter.com,"PSC 3635, Box 0466
APO AE 08602",Gambia,East Courtneyland,01019,557-31-2656,"Engineer, drilling",Graham Group,"6542 Davis Meadow Suite 181
Jessicafort, CO 18390",Faroe Islands,Lake Ashley,63882,1998-08-25 07:36:59,042.674.2309,"('TMT', 'Turkmenistan manat')",6.024096385542169
Robin Walker,alyssapotter@alvarez.com,"003 Matthew Overpass
Schultzburgh, SD 74101",Bosnia and Herzegovina,Samuelview,95100,372-06-6469,Museum/gallery conservator,Wiggins-Lawrence,"Unit 6868 Box 2208
DPO AE 19135",Lithuania,Samanthaburgh,47181,1995-07-06 12:41:44,512-089-1484,"('UYU', 'Uruguayan peso')",6.097560975609756
Mrs. Wendy Carter MD,rita70@gmail.com,"821 Trujillo Ramp
East David, MI 83600",Croatia,Port Candice,45805,176-30-0277,Commercial art gallery manager,Roth-Haynes,"082 Stacy Club
East Reginaville, MI 72585",Solomon Islands,Lake Kristenside,55664,1992-02-20 01:00:31,001-605-889-2606x216,"('GGP', 'Guernsey pound')",9.090909090909092
Kelly Henry MD,kathryn41@hunt-clark.com,"103 Edward Villages Apt. 706
West Jamesville, IN 85282",Tokelau,Lake Jackie,12372,377-63-9467,Analytical chemist,"Hill, Sparks and Johnson","485 Michael Rue Apt. 303
Hayleyville, KY 77378",Congo,North Joshuaburgh,86194,1988-08-18 14:23:44,(220)110-3170x776,"('NOK', 'Norwegian krone')",5.681818181818182
James Simmons,kylefisher@yahoo.com,"3648 Adam Avenue
Thomasborough, RI 22779",Iraq,Woodsbury,49627,054-29-5289,"Development worker, community",Gibson-Brooks,"255 Beck Branch Suite 958
West Kathryn, AR 47237",Zambia,Grimesfurt,63927,1981-06-12 20:02:59,273-734-0016,"('SRD', 'Surinamese dollar')",5.1020408163265305
Jessica Weber,luismora@gmail.com,"466 Maxwell Fork Apt. 917
Jessicastad, AK 63960",Benin,Lake Deanna,84075,545-82-0550,"Engineer, building services","Burke, Chung and Jones","6820 Makayla Mountains
Jacksonburgh, PA 10063",Mali,Brittanyland,58326,2007-05-29 20:44:15,001-878-710-4125,"('AFN', 'Afghan afghani')",5.4945054945054945
Robert Jackson,susanmcdonald@yahoo.com,"6066 Mccall Locks Apt. 814
Lake Melissashire, AR 93519",Poland,North Oscarville,34186,354-91-3206,Social worker,Thompson LLC,"2210 Joshua Tunnel
Cordovamouth, WY 39335",Guadeloupe,East Ashlee,00865,2016-12-30 14:38:25,001-837-799-4687x22020,"('AFN', 'Afghan afghani')",19.23076923076923
Rodney Fleming,jacqueline04@fitzpatrick.com,"47698 Mckinney Trail Suite 832
Lake Katie, AZ 65656",United Arab Emirates,Philipburgh,59820,198-75-4899,Event organiser,"Howe, Kaiser and Smith","228 Kenneth Unions Apt. 815
Lake Melissaside, KY 75806",Senegal,South Sharon,10830,1988-09-28 21:27:04,798.081.9554x624,"('AZN', 'Azerbaijani manat')",5.1020408163265305
Kevin Holmes,figueroamatthew@martinez.com,"7552 Kelley Dale
South Melissa, OK 41937",Georgia,Lake Lindaberg,33599,396-79-3652,"Engineer, agricultural","Frank, Davis and Sanders","2954 Amanda Trail
South Gina, NV 65206",Japan,New Donna,14369,2007-10-24 20:22:04,333.426.6485,"('THB', 'Thai baht')",5.4945054945054945
Bradley Johnson,allison03@lawrence.com,"16061 Gregory Forge Apt. 625
Lake Nicole, AK 01703",Japan,New Lancebury,50186,677-60-1963,Animal technologist,Richardson Ltd,"USNV Johnston
FPO AA 13133",Azerbaijan,South Shannon,11239,1992-04-14 12:59:35,825.037.8942x87496,"('RWF', 'Rwandan franc')",8.928571428571429
Robert Moreno,pstephens@alvarez.com,"2578 Michael Curve Suite 247
New Andrewville, WV 00837",Uganda,Yoderview,55330,243-63-9819,Industrial/product designer,Williams Group,"3043 Stephanie Skyway
Parsonshaven, ME 22040",Chad,Taylorhaven,90927,1977-07-13 13:36:17,353.683.5434x71111,"('GTQ', 'Guatemalan quetzal')",9.25925925925926
Pamela Berry,andrew35@ware.com,"10049 Joshua Estates Suite 951
New Donna, PA 19087",Montenegro,Alvarezhaven,11258,152-42-7865,Associate Professor,Lewis PLC,"1448 Kyle Square Suite 233
South Rachel, MD 49521",Comoros,Burnsmouth,22175,2006-12-23 16:35:28,426.665.0855x87081,"('XAF', 'Central African CFA franc')",10.204081632653061
Justin Sanchez,shelleygreen@campbell-obrien.biz,"43175 Thomas Square Suite 925
Goodmanburgh, MD 12378",Guyana,Rossborough,54257,363-34-3993,Charity officer,"Adams, Thomas and Johnson","24718 Melanie Summit
East Patricia, MD 39285",Jordan,Brandonbury,40991,1988-03-02 01:31:34,370.297.1178x28772,"('MAD', 'Moroccan dirham')",6.8493150684931505
Danielle Baker,brittney96@yahoo.com,"777 Wanda Groves
Kimberlymouth, SD 16204",Monaco,Kathleenfurt,87996,399-63-4016,Information officer,Lynn-Roberts,"Unit 9251 Box 5582
DPO AP 55221",Solomon Islands,Pamelaport,59279,1978-07-18 19:29:02,786.584.7922x481,"('MXN', 'Mexican peso')",25.0
Brianna Mathis,iwest@lopez.com,"526 Hale Burgs Suite 549
Port Jeremybury, MI 92200",Mongolia,Wiseland,44192,664-60-2492,Technical author,"York, Perez and Chambers","9908 Sonia Inlet Apt. 667
Robertmouth, OK 64625",Marshall Islands,East Amandashire,89025,1974-09-02 04:28:47,0457391317,"('BND', 'Brunei dollar')",13.513513513513514
Isaac Smith,fergusonmary@hotmail.com,"8256 Lee Locks
West Aimeechester, OR 27022",Croatia,Hoffmanview,43542,429-51-0450,Merchant navy officer,Guerrero-Weber,"USNS Rodriguez
FPO AE 03295",Iceland,Lake Laura,83054,2012-11-24 14:07:19,565-041-1381x240,"('EGP', 'Egyptian pound')",6.666666666666667
Antonio Mckenzie,robert59@stevenson.net,"71760 Olson Trail Apt. 008
North Vanessaview, NE 05359",Ethiopia,Port Brenda,95035,433-25-6220,Hydrologist,"Melton, Benjamin and Page","857 Newman Crescent
South Tammyhaven, KY 29040",Macao,Christopherfurt,64023,1972-12-12 15:54:58,+1-499-974-0745,"('RSD', 'Serbian dinar')",6.756756756756757
Chase Avila Jr.,gregorybrown@garner.info,"636 Martinez Keys Apt. 099
Port Coltonland, CT 21222",Botswana,Dianehaven,96319,529-92-0042,Research scientist (medical),Thompson-Jacobson,"721 Krista Harbor
Pamelamouth, SC 77702",Martinique,Juliamouth,65707,1994-01-30 21:17:36,+1-384-350-9618x7597,"('TVD', 'Tuvaluan dollar')",9.803921568627452
Kendra Wilson,cesarcook@yahoo.com,"PSC 1491, Box 3859
APO AP 38228",Syrian Arab Republic,South Kendrafurt,22068,727-68-9183,Colour technologist,"Cantu, Vazquez and Lee","01079 Matthew Pass
East Jamie, AZ 99832",Senegal,Quinnshire,66148,2000-05-06 04:13:37,001-093-327-2265x06728,"('SYP', 'Syrian pound')",62.5
Eric Zimmerman,courtneyjenkins@lamb.info,"1064 Lane Plains
East Angela, GA 62883",Falkland Islands (Malvinas),Estradaville,82761,019-96-5647,"Editor, commissioning",Wright and Sons,"USNV Terry
FPO AA 29778",Oman,Reyeschester,34032,2016-01-04 08:03:51,199.618.9893x7564,"('GYD', 'Guyanese dollar')",5.376344086021505
Ryan Jones,yvonnehenry@huffman-richards.com,"3732 Edward Manor
Lake Jacobstad, PA 12265",Tonga,North Daniel,55063,226-64-6449,Charity officer,"Khan, Gibson and Mcgee","810 Robert Motorway Apt. 635
Port Brandon, MA 05887",Ghana,South Rhonda,93857,2009-04-30 03:54:10,+1-507-217-4162x05217,"('SZL', 'Swazi lilangeni')",8.771929824561404
Robert Newton,nicholastran@yahoo.com,"468 John Square
Schmidtbury, NE 39777",Bhutan,Lake Colin,96796,636-55-0027,"Engineer, chemical","Thompson, Singleton and Clark","486 Gail Shoal
Chapmanmouth, ND 31892",Korea,Johnsonfurt,40206,2009-07-20 09:18:03,+1-346-649-6161,"('AMD', 'Armenian dram')",5.617977528089888
Carolyn Harvey,jonsmith@horn.org,"01363 Baker Place
Colonville, WV 80105",Saint Pierre and Miquelon,Phillipsfurt,50031,268-38-9366,"Surveyor, minerals","King, Pierce and Anderson","18113 Luke Well Suite 198
Port Brian, WV 48273",Timor-Leste,South Kelsey,06428,1976-04-04 00:08:03,+1-292-706-4764,"('ALL', 'Albanian lek')",45.45454545454545
Anita Campos,jasminbarber@williams-fitzgerald.com,"45914 Amanda Brook
Carolynport, CT 12101",Gambia,North Ryan,22958,263-69-8234,Insurance risk surveyor,"Austin, Reeves and Washington","1441 Mcgee Village
Davidhaven, MD 36752",Faroe Islands,Lake Yolandabury,79711,1982-09-12 06:35:11,+1-721-142-3901x57615,"('TTD', 'Trinidad and Tobago dollar')",41.666666666666664
James Beltran,webbgary@solomon.net,"USNV Wright
FPO AA 75450",Sri Lanka,Kimmouth,76021,329-64-2940,Medical laboratory scientific officer,Hall Group,"946 Davidson Brook
Port Ashley, OK 32871",Luxembourg,Fergusonhaven,85722,1999-08-20 07:10:42,387-215-5546x38219,"('NGN', 'Nigerian naira')",20.833333333333332
Michelle Henry,marissamartinez@brown.biz,"42746 Kathleen Walks Suite 662
Port Josephchester, WV 78360",Poland,Salinasmouth,69169,686-51-3252,Exhibition designer,Klein and Sons,"2979 William Summit Apt. 436
Joseton, WI 83387",Djibouti,Robinmouth,66533,2005-12-27 15:48:49,9373100066,"('EUR', 'Euro')",11.904761904761905
Melissa Haney,rogersdenise@buchanan.org,"966 Richard Pine Apt. 813
Lake Michael, KY 42693",Solomon Islands,Sabrinaside,15116,691-91-9349,"Engineer, site",Curtis-Marsh,"Unit 8967 Box 8480
DPO AA 12349",Svalbard & Jan Mayen Islands,Brownland,67798,2007-10-15 19:24:04,(571)719-9835x395,"('LRD', 'Liberian dollar')",8.620689655172415
Keith King,mvasquez@gmail.com,"51909 Mayer Loop Apt. 416
South Nathaniel, CO 07547",Saint Helena,East Fredberg,00975,244-40-5653,"Geneticist, molecular","Colon, Walker and Campos","68570 Garcia Ford
Yvonnemouth, UT 47757",Tajikistan,Barnettburgh,07662,2011-11-25 03:27:29,314.391.4293x35462,"('AUD', 'Australian dollar')",10.416666666666666
Derek Rivera,richard37@thomas.com,"588 Peterson Parkways Apt. 003
Cameronview, OK 00902",Aruba,East Sergioland,35659,693-13-6918,Retail banker,Garcia-Lamb,"9050 Jeffrey Lane Apt. 577
Jamesfurt, IN 46976",Uzbekistan,Mirandaberg,46059,1970-06-18 22:28:33,001-552-698-8525x030,"('GIP', 'Gibraltar pound')",13.513513513513514
Gabriella Beasley,zelliott@edwards.org,"1420 Tracy Circle
Hansonborough, WA 63703",Gabon,Gibbsstad,92718,478-25-8264,Aid worker,Martin-Jenkins,"60478 Bailey Hill
Port Kevin, TX 70486",Jersey,Danielville,31931,1998-05-18 06:10:23,755-141-2226x27511,"('XOF', 'West African CFA franc')",6.25
Gregory Jones,monica39@gmail.com,"5140 Thomas Wall
Mataville, VA 77211",Romania,North Alex,49171,346-06-5436,Waste management officer,Morgan Ltd,"4986 Paul View
Alexanderbury, KS 05762",Rwanda,Port Christina,63841,1996-11-09 21:59:25,(095)991-5071x250,"('AED', 'United Arab Emirates dirham')",9.615384615384615
Matthew Hopkins,antonionguyen@smith-baker.org,"Unit 1723 Box 9817
DPO AE 34376",Guatemala,South Danny,14675,898-47-2376,Chief Marketing Officer,"Jackson, Wade and Williams","142 Paul Turnpike Apt. 005
Ricefurt, MD 55176",Cameroon,Port Gina,28770,2016-06-07 08:18:49,001-073-229-4265x95528,"('GIP', 'Gibraltar pound')",5.0
Maria Jackson,davidroberts@hart.com,"5015 Emily Rapids Suite 256
Austinside, AK 95614",Andorra,Lorimouth,01838,162-91-4086,Learning disability nurse,Crawford-Benitez,"84481 Michael Park
Richardburgh, SD 95281",Chile,Port Kevin,09086,1988-05-21 10:37:09,485.972.6292,"('MYR', 'Malaysian ringgit')",71.42857142857143
Christina Murphy,jasminosborne@curtis.com,"2256 Emily Fort Apt. 351
North David, CA 39548",Gabon,Klinebury,04337,769-51-7799,Retail manager,"Watson, Hernandez and Silva","497 Nguyen Crest Suite 265
North Melissa, KS 98194",Czech Republic,Amandastad,06930,1970-06-27 12:14:09,(429)671-4341x696,"('ZWD', 'Zimbabwean dollar')",7.8125
Angel Marks,tanyamiller@hotmail.com,"1249 Kayla Fields
Muellerfort, NJ 96383",Rwanda,Port Jamesville,71972,813-13-3352,"Librarian, public","Cook, Gordon and Smith","53897 Gilbert Summit Apt. 359
North Sabrina, NM 73007",Tanzania,Williamsberg,26407,1970-05-13 07:20:13,001-606-237-5324x725,"('ERN', 'Eritrean nakfa')",62.5
Dustin Walker,rachel73@parks-hobbs.org,"44059 Morgan Corner
Jasontown, NV 33677",Spain,West Danieltown,79377,584-82-1373,Video editor,Johnson-Roy,"158 Walter Crescent
West Andrew, CO 64276",Western Sahara,Ramirezborough,25099,1985-05-01 23:06:51,001-296-971-9891,"('TND', 'Tunisian dinar')",6.578947368421052
Matthew Jacobs,barrrichard@andrade.com,"04632 Barnes Rapids
West Lucasberg, LA 15023",Greenland,South Jonathan,17842,608-54-2128,Diagnostic radiographer,"King, Ortiz and Montes","6904 Montgomery Isle
Port Todd, AK 72915",Serbia,Oneillberg,02327,2011-12-07 22:50:01,581-006-3871,"('NIS', 'Israeli new shekel')",10.869565217391305
Katherine Mann,jerry83@hotmail.com,"42889 Morgan Island Suite 574
Hodgeland, MS 17972",Qatar,West Rebeccaland,17619,136-96-6412,Quarry manager,Gentry and Sons,"95088 Denise Mission Apt. 413
Lake Jillian, VA 98532",Sri Lanka,Port Benjamin,37778,1976-04-09 11:36:43,082-976-0193x71975,"('ETB', 'Ethiopian birr')",5.882352941176471
Adam Johnson DDS,williamsonaaron@gmail.com,"95524 Gina Park Suite 744
West Amy, OH 32326",Guam,Allenbury,68088,106-89-9200,Phytotherapist,"Mullins, Rodgers and Chan","PSC 2234, Box 7935
APO AP 35241",Macedonia,New Jacqueline,77528,1975-08-27 07:26:06,+1-048-459-0430x7707,"('ZWD', 'Zimbabwean dollar')",8.474576271186441
Amanda Cherry,mvazquez@miller.org,"065 Wilcox Pike Suite 863
Port Julie, DE 83249",Zimbabwe,North Sarahstad,14661,051-13-6060,"Designer, interior/spatial","Oneal, Lowe and Wade","58394 Michelle Mill
Ryanmouth, NJ 02082",Chad,South Janetville,99551,2010-06-30 22:50:27,001-749-105-7973x11294,"('LRD', 'Liberian dollar')",5.617977528089888
Omar Brooks,ashleyortiz@coleman.info,"690 Justin Unions Suite 491
South Brenda, VA 49135",Taiwan,New Madisonfurt,32108,828-18-2641,Information officer,Murphy-Mitchell,"USNS Horne
FPO AE 81857",Korea,Lake Ronaldshire,43944,2005-04-19 17:36:06,001-708-619-1389x5640,"('RUB', 'Russian ruble')",15.151515151515152
Nicole Mcfarland,huertatina@monroe.com,"564 Davis Extensions
New Tracymouth, KY 33327",Tokelau,West Anna,10788,681-64-5414,Health visitor,"Lang, Gonzales and Smith","7553 Turner Circle Suite 419
West Elainebury, ND 77056",Zambia,North Davidstad,70062,1973-05-17 04:20:45,322.955.7985x3075,"('DKK', 'Danish krone')",6.172839506172839
Jennifer Gilbert,jerry93@hines-lewis.com,"USNV Kim
FPO AE 78082",Mongolia,Lake Katherinemouth,99654,284-26-3162,Actor,Morgan-Barrera,"481 Bianca Centers Apt. 195
New Williamberg, ID 68613",Spain,Campbellville,99758,2009-05-17 08:17:48,(860)567-5736,"('LKR', 'Sri Lankan rupee')",5.4945054945054945
Bonnie Burke,butlerstephanie@hotmail.com,"7958 Christopher Lane
Hectorbury, AL 56283",Paraguay,East Reginachester,81617,412-73-2404,Associate Professor,"Johnson, Torres and Bates","9644 Sean Brooks
Port Steven, CA 63472",Burkina Faso,Lynchburgh,64535,1995-03-17 05:14:18,+1-529-723-9036x5783,"('IRR', 'Iranian rial')",71.42857142857143
Veronica Garcia,crystalespinoza@smith.com,"5292 Warner Greens Suite 979
New Sandraside, VA 66319",Kenya,Perezmouth,10702,234-84-3219,Sales promotion account executive,Stein LLC,"77085 Kimberly Knolls Apt. 523
North Laurafort, MA 46464",Brunei Darussalam,Zacharyborough,35404,2007-11-08 06:10:03,(485)384-9561x350,"('YER', 'Yemeni rial')",25.0
Joseph Brown,toddmartinez@rodgers.biz,"6554 Barr Cove Suite 166
Thorntonshire, HI 05675",Norfolk Island,South Georgeton,56547,214-59-4957,"Presenter, broadcasting",Bell PLC,"47958 Charles Shoal Apt. 877
Lindaton, NY 77645",Costa Rica,East Heather,02073,2006-11-09 03:23:17,740.744.1627,"('SAR', 'Saudi riyal')",5.4945054945054945
Hannah Davis,jessicamonroe@hotmail.com,"6211 Kimberly Center Suite 929
Lake Samantha, MO 40610",Jersey,Brettfort,56138,515-92-5589,Control and instrumentation engineer,Peters and Sons,"297 Johnston Expressway
Escobarberg, FL 40849",Bouvet Island (Bouvetoya),Thompsonbury,12318,2010-04-28 17:46:16,+1-999-506-9629x902,"('SCR', 'Seychellois rupee')",5.2631578947368425
Mrs. Shelly Macdonald,allenchristopher@gmail.com,"79011 Hawkins Extensions Suite 306
Jeremyborough, FL 68803",Wallis and Futuna,South Thomas,71044,409-44-7677,Police officer,"Simpson, Caldwell and Allen","605 Johnson Squares Suite 670
Billystad, CT 08097",Taiwan,Port Catherineborough,96265,1997-01-25 19:13:20,+1-920-799-2739x033,"('PYG', 'Paraguayan guarani')",9.433962264150944
Ashley Swanson,christineerickson@byrd.org,"68633 Sanchez Shoals
East Jonathan, ID 74023",Croatia,Robinbury,66977,623-91-1019,Learning mentor,Gardner-Thomas,"9892 Jessica Burgs Suite 161
Bruceborough, WA 62600",Benin,Hollowayfurt,30327,2006-04-07 09:59:10,(699)558-8225x862,"('AMD', 'Armenian dram')",8.19672131147541
Alejandro Miller,zachary05@davis.com,"515 Crawford Lock
Jacquelinemouth, ID 15340",France,Wilcoxview,48540,429-83-5628,Government social research officer,Hudson Ltd,"9449 Anna Islands Suite 518
Navarrostad, MO 36508",Malawi,Port James,73965,2004-10-20 19:00:56,691.544.0020x521,"('SBD', 'Solomon Islands dollar')",62.5
Brian Jimenez,thomas33@gmail.com,"968 Stewart Creek Suite 357
Lake William, MD 37902",Niger,South Melissatown,93745,393-24-6204,Automotive engineer,"Jimenez, Hensley and Perez","PSC 5298, Box 8498
APO AE 57360",Serbia,Herbertberg,75387,1973-11-12 20:18:47,+1-667-377-3006,"('CAD', 'Canadian dollar')",20.0
Kristin Long,zacharyphillips@yahoo.com,"211 Aaron Ways Suite 528
Haroldmouth, NM 29468",Kuwait,Cohenland,73827,593-49-8055,"Buyer, retail",Mills-Suarez,"060 Jennifer Stravenue
Gregoryton, CO 95006",Sierra Leone,Brooksborough,32743,1998-08-02 23:45:18,901-550-2120x83162,"('RSD', 'Serbian dinar')",33.333333333333336
Thomas Hess,hallanthony@ho.com,"663 Burnett Parkways Apt. 856
Bestville, KS 82761",United Arab Emirates,North Jeffrey,07408,239-74-8932,Chartered certified accountant,Reyes PLC,"4222 Jose Court Suite 310
Port Tylerland, MD 28166",Macao,Oconnellton,95605,1976-09-09 09:05:31,(995)905-9274x644,"('BWP', 'Botswana pula')",45.45454545454545
Mathew Navarro,lfleming@gmail.com,"PSC 4057, Box 3685
APO AP 25558",Palestinian Territory,Lake Vincent,64723,661-49-0270,Interpreter,Mann Inc,"69483 Miller Branch Apt. 863
Taylorland, DE 85328",Saint Kitts and Nevis,Wilsonshire,67664,1988-08-31 04:40:48,(943)656-2029x72787,"('AFN', 'Afghan afghani')",13.157894736842104
Aaron Walton MD,swhite@gmail.com,"08421 Bowen Divide Apt. 559
East Joseph, NH 16793",Mozambique,Kristahaven,03563,067-82-5413,Chief Marketing Officer,"Hall, Holder and Stephens","410 Green Station
Annshire, NY 19797",Argentina,West Daniel,60591,1974-02-05 11:04:18,957.225.6166,"('NZD', 'New Zealand dollar')",15.151515151515152
Nicole Rogers,wilsonmatthew@nichols-greene.net,"202 Priscilla Square
Phillipstad, HI 43096",Senegal,Kyleville,05514,016-45-1985,Corporate investment banker,"Henry, Page and Garcia","60769 Devin Bypass
East Daniel, IA 06485",Australia,Mauricehaven,80301,1982-07-20 15:33:04,(402)767-3849x109,"('GBP', 'Pound sterling')",83.33333333333333
Elizabeth Rodriguez,vsmith@berry.biz,"71375 Brenda Land
Lambborough, NY 94593",Tunisia,Odonnellville,06911,663-50-6914,Orthoptist,Klein Group,"17882 Pierce Passage Apt. 375
Jordanstad, NC 83955",Falkland Islands (Malvinas),Janetstad,33922,1984-09-12 20:36:18,001-561-190-3390,"('UGX', 'Ugandan shilling')",5.882352941176471
Ruben Thompson,paulalexander@hotmail.com,"8448 Perkins Villages Apt. 258
Lake Lisamouth, DC 04126",Spain,West Angelashire,19170,125-83-8381,Community pharmacist,Donovan LLC,"083 Sharon Highway
Geraldport, MT 65807",Eritrea,South Angela,72890,2006-10-08 11:17:30,001-043-121-4007,"('BHD', 'Bahraini dinar')",7.462686567164179
Dawn Rodriguez,shawn56@hotmail.com,"50273 Reyes Estate Suite 758
Port James, AZ 53444",Timor-Leste,Rickyland,26673,361-81-0128,Arboriculturist,Barnett-Preston,"091 Grace Throughway Suite 575
Brendanland, NH 79326",Palau,East Joshuaport,69935,2008-05-02 05:58:43,830.123.2681x9568,"('CDF', 'Congolese franc')",125.0
Sara Mathews,pamela63@fox.org,"432 Payne Street
Lake Michaelville, MD 45729",Yemen,Aliciamouth,98429,482-57-1088,Science writer,Lee Group,"70382 Durham Cape
Lake Donaldton, WI 53741",Senegal,Hancockshire,94488,1985-08-09 04:12:55,156-044-3567x725,"('ANG', 'Netherlands Antillean guilder')",10.869565217391305
Charles Zhang,brandonjohnson@hotmail.com,"81052 Shirley Dam Apt. 565
Antonioborough, ID 63312",Turkmenistan,Lake Jamesburgh,79216,110-25-2946,"Programmer, multimedia",Thompson-Moreno,"7572 Tammie Station Apt. 457
Alyssashire, OR 62481",Iraq,New Dominique,26896,2013-12-24 01:12:23,+1-278-391-6117x252,"('HUF', 'Hungarian forint')",6.666666666666667
Tammy Griffin MD,peterevans@blackburn.com,"505 Garner Drive Suite 212
East Danny, ND 82890",Wallis and Futuna,Stephenview,55093,678-11-4546,Ship broker,"House, Stevens and Watson","159 Ryan Vista Suite 933
Holtmouth, RI 92805",Belarus,Henryport,51315,1997-07-22 08:58:21,+1-066-668-4120,"('DKK', 'Danish krone')",6.172839506172839
Janice Wagner,hectorgonzales@caldwell.biz,"USS Peterson
FPO AA 75876",Sierra Leone,West Michael,68224,851-36-7135,"Pharmacist, hospital","Stone, Sims and Mills","7472 George Hills Apt. 768
East Lisa, IL 40475",Cocos (Keeling) Islands,Walkerside,84942,2003-05-31 17:14:43,818-116-6963,"('CNY', 'Renminbi')",9.090909090909092
Andrea Johnson,ejackson@norman.com,"PSC 7081, Box 5934
APO AP 69076",American Samoa,Lake Deanna,07035,556-26-2499,"Investment banker, operational",Holland Ltd,"74887 Hart Center
Lake Regina, UT 29414",Hong Kong,New Mark,25098,1987-05-01 06:39:29,399.586.9719x4170,"('UAH', 'Ukrainian hryvnia')",6.172839506172839
Nathaniel Porter,sarahoneill@yahoo.com,"9090 Darrell Light
South Josephbury, CA 50289",Guernsey,Harmonburgh,18456,381-57-3218,"Psychologist, clinical","Graves, Stevens and Summers","1368 Debra Prairie Suite 528
Stacieborough, LA 10299",Israel,West Sarah,82029,1997-01-08 22:57:23,001-161-210-3339x0607,"('SAR', 'Saudi riyal')",100.0
Elizabeth Freeman,finleystacey@welch.info,"9057 Travis Falls Apt. 661
Romeroburgh, OK 84023",Cyprus,Sydneyville,28107,247-32-7984,Dispensing optician,Martinez-Cain,"5860 Paul Mews Apt. 009
East Kaylatown, WI 43790",Tokelau,Katherineville,32903,1976-02-08 13:02:18,311.995.0837x187,"('SDG', 'Sudanese pound')",10.638297872340425
Eric Murphy,wendy75@waller.org,"15632 Tricia Via Apt. 484
Lake Seanfort, NY 97695",Palestinian Territory,West Valeriechester,12183,404-56-5312,"Designer, jewellery",Daniels Inc,"Unit 6240 Box 9549
DPO AE 24913",Central African Republic,Jesusshire,98319,1980-11-26 09:22:30,001-322-172-4679x423,"('COP', 'Colombian peso')",5.1020408163265305
Allison Williams,tdaniels@hotmail.com,"639 Patrick Points Apt. 950
Fosterton, DC 46002",Georgia,Thompsonville,84086,533-35-2878,Recruitment consultant,"Wilson, Young and Cortez","74006 Spencer Estates Suite 739
North Angela, MS 57415",Bolivia,Douglasberg,20586,2015-07-14 21:56:49,961-885-7687x4615,"('XAF', 'Central African CFA franc')",7.8125
Andrew Lewis,jamesjackson@hotmail.com,"5033 Moore Extension
West Darrell, TX 18603",Gambia,Jonesberg,77710,611-95-7610,Midwife,Hays-Morris,"535 Rodney Alley Apt. 548
Nicholasport, PA 07369",Mauritius,Lopezchester,41009,1976-07-09 11:03:06,6601725183,"('BGN', 'Bulgarian lev')",29.41176470588235
Anthony Contreras,erogers@yahoo.com,"78760 Sanchez Ways Apt. 583
East Ryanburgh, MT 80282",Cook Islands,Oscarfurt,59710,446-69-9507,Theatre director,"Grant, Vazquez and Flowers","55361 Sarah Lake Apt. 676
Williamshaven, WA 52856",Wallis and Futuna,Collinsside,36720,1992-02-22 12:09:30,(363)471-4339,"('CDF', 'Congolese franc')",5.9523809523809526
Jessica Nelson,nhall@gmail.com,"3276 Hensley Bypass Suite 860
West Laurenborough, GA 24515",Qatar,South Elizabethburgh,12771,700-69-7555,"Research officer, trade union",Potts-Walter,"921 Olsen Camp Apt. 681
Lake Melissa, NH 31096",Greenland,Jamesfurt,45527,1980-06-02 20:40:05,543.865.0091x95475,"('PLN', 'Polish zloty')",5.208333333333333
Kevin Mendoza,brendabeck@jones.com,"804 Edward Fall
Andreastad, HI 88789",Tajikistan,New Erika,68292,807-92-8004,Theatre manager,"Deleon, Arroyo and Padilla","9628 Adams River
New Brandonburgh, WV 36263",Montserrat,Andersonfurt,83714,1988-06-18 02:13:40,510.886.3871,"('HRK', 'Croatian kuna')",7.042253521126761
Heather Ballard,fcasey@gmail.com,"713 Dwayne Points Apt. 554
New Benjaminfort, CA 57518",Sudan,Johnview,56490,663-12-8703,Public house manager,"Martin, Faulkner and Osborn","63407 Boone Forges Suite 238
East Ericmouth, MT 15370",Mongolia,East Jamesmouth,48163,2008-01-20 16:13:12,+1-674-012-4635x31153,"('SZL', 'Swazi lilangeni')",5.1020408163265305
Kristin Sweeney,sheenascott@yahoo.com,"PSC 8773, Box 6337
APO AP 13618",Tunisia,West Donna,22174,018-91-2074,Manufacturing systems engineer,Riley-Howard,"256 Abbott Lodge Suite 546
Bryantland, SC 89787",British Virgin Islands,Suebury,55029,1978-06-09 15:20:44,885.000.6320x686,"('GIP', 'Gibraltar pound')",6.8493150684931505
Beth Mathews,xtaylor@collier.com,"9379 Lisa Spurs Apt. 869
North Williamport, NM 80500",Mozambique,Carolynmouth,36527,160-88-9829,Medical sales representative,"Simmons, Stevenson and Gilmore","453 Chan Manors Suite 697
Elizabethfurt, NJ 00743",Somalia,Lindseyland,57859,2007-12-31 22:27:40,001-539-730-2562x06144,"('HTG', 'Haitian gourde')",10.638297872340425
Terri Wilson,vanessa21@yahoo.com,"7349 Johnson Garden Suite 914
Josephshire, WV 34062",Uruguay,West Kristinmouth,76396,334-05-4428,"Scientist, research (maths)",Mason Ltd,"97527 Berg Shore Suite 628
Michaelstad, CA 16546",Slovakia (Slovak Republic),Gregoryburgh,14132,2017-09-24 18:43:22,(368)256-3043,"('TZS', 'Tanzanian shilling')",16.129032258064516
Allen Kim,gregorybrown@york.info,"62515 Christy Harbor
Amandaberg, OK 85165",Nigeria,Mossland,64484,452-30-8746,Leisure centre manager,Nolan Inc,"636 Wright Plain Suite 487
Arellanostad, DC 28535",Costa Rica,Michaelport,69658,2008-10-18 15:16:21,(925)814-0007x0594,"('TVD', 'Tuvaluan dollar')",83.33333333333333
April Dominguez,marissajohnson@gmail.com,"833 Janet Shoals Apt. 116
Adamsshire, HI 61239",Rwanda,South Stacy,05498,627-86-4076,Sports therapist,Rivera Inc,"9993 Kathleen Isle
Brandonfort, NY 87155",Liechtenstein,Port Benjamin,98181,1970-10-14 22:56:53,(121)785-9467,"('XOF', 'West African CFA franc')",20.0
Joseph Morgan,johnsonbarbara@fuentes-wood.net,"7341 Damon Prairie Apt. 654
Port Scott, IL 39560",Singapore,West Jeffreyton,54075,749-24-1631,Advertising account executive,Rodriguez-Zavala,"561 Sean Club Apt. 101
Jamesside, NC 66286",Vanuatu,West Jesusberg,39112,1977-09-11 14:18:00,001-475-426-0433,"('BWP', 'Botswana pula')",15.151515151515152
Rebecca Allen,qdavis@yahoo.com,"9860 Costa Way Suite 885
North Ellenport, ND 81452",Croatia,Robertstad,56589,218-44-5853,Magazine features editor,Morton-Jensen,"Unit 9269 Box 3197
DPO AP 70202",Antarctica (the territory South of 60 deg S),Wallsside,02582,1979-03-30 04:54:59,(507)215-2191x278,"('BYR', 'Belarusian ruble')",5.208333333333333
Kendra Cook,mario71@hotmail.com,"560 Jennifer Summit
Mitchellview, PA 63773",Cook Islands,South Christopher,33592,695-37-3824,"Buyer, retail",Peterson-Taylor,"11697 Dunn Coves
New Joy, MN 59721",Rwanda,New Jonathan,31511,1984-08-05 00:55:14,226-923-8934x79091,"('CNY', 'Renminbi')",6.4935064935064934
Jeffrey Caldwell,spencerstuart@hammond.com,"907 Peters River
New Saraview, MI 20029",Sierra Leone,East Edward,06165,442-33-0536,Water engineer,"Erickson, Scott and Richards","66604 Jennifer Wall
Lindseyburgh, TN 25874",Mali,East Jamesland,70423,2001-07-06 06:19:20,098.811.7411,"('ARS', 'Argentine peso')",71.42857142857143
Alexandria Gomez,mitchellkevin@gmail.com,"437 Jamie Lake
New Antonio, MN 90975",Oman,Schultzside,49106,304-81-0277,Information officer,Haynes-Peters,"USCGC Stewart
FPO AA 20338",Brunei Darussalam,New Emilyborough,36834,2007-01-15 09:59:24,764.691.4161,"('MMK', 'Burmese kyat')",500.0
Marisa Jenkins,donna71@hotmail.com,"56254 Nicholas River Apt. 174
Roseport, MO 63225",Vietnam,Scottmouth,13009,514-25-8308,Newspaper journalist,Phillips Ltd,"08336 Katherine Summit
Cunninghamshire, MO 20117",Guam,East Markville,55866,1986-07-31 07:09:28,(723)388-9956x0330,"('MAD', 'Moroccan dirham')",6.097560975609756
Kiara Cordova,adoyle@gmail.com,"10772 Sarah Passage Suite 284
Knoxmouth, KY 54508",Vanuatu,Ashleyfort,80326,319-54-1339,Youth worker,Nelson-Clark,"7587 Seth Mall
Phillipstown, DE 49404",Ghana,Craigside,72159,1973-05-04 12:18:44,139-439-9428,"('PEN', 'Peruvian sol')",33.333333333333336
Caleb Clark,johnsontracy@yahoo.com,"067 Trevino Hill Apt. 408
Turnerberg, NY 17312",Denmark,Medinaview,62274,545-48-0325,Water quality scientist,Baldwin LLC,"378 Peterson Meadow Apt. 245
Dunnland, IN 46031",Cambodia,New Robertmouth,95285,2000-12-10 18:55:43,(905)367-2777x813,"('OMR', 'Omani rial')",14.705882352941176
Rebecca White,kevin58@mooney.org,"533 Sandra Roads
Hayeston, AZ 16047",Georgia,Mendozashire,31609,781-60-3936,Insurance risk surveyor,Smith PLC,"952 Samuel Key Apt. 936
South Ericberg, VA 38866",Russian Federation,Hartmanmouth,78153,1999-07-06 20:24:49,+1-069-853-5835x89411,"('GHS', 'Ghanaian cedi')",38.46153846153846
Elizabeth Richardson,nguyentommy@gardner.com,"4961 Bonnie Overpass Suite 932
Hensonchester, IL 19303",Philippines,Pottertown,88971,752-26-2982,Sport and exercise psychologist,Hanson Group,"528 Danielle Vista Apt. 122
Georgeburgh, NY 87893",Argentina,Courtneystad,69906,1989-01-31 01:13:18,001-477-753-0696,"('UGX', 'Ugandan shilling')",9.803921568627452
Robert Miller,bryan83@fisher.org,"05631 Fernandez Cliffs
Michaelberg, NJ 76128",Georgia,Lake Brittany,74613,375-15-5020,Education administrator,"Conrad, Perez and Long","938 Cameron Land Suite 193
New Lynnhaven, DE 05624",Somalia,Hendersonland,16397,1972-03-09 18:14:52,001-814-704-8961x2812,"('PKR', 'Pakistani rupee')",9.803921568627452
Leslie Jones,epayne@yahoo.com,"6588 Mark Turnpike Suite 727
Hendricksport, IA 58136",Bhutan,Lawrenceborough,56921,313-32-1827,Furniture conservator/restorer,"Flores, Kirby and Norton","00309 Smith Cape Suite 455
Annahaven, DC 76940",Bermuda,Port Daniellefurt,83783,2007-03-17 09:29:33,7665527460,"('MAD', 'Moroccan dirham')",13.157894736842104
Sean Franklin,jennifer51@gmail.com,"06788 Kristin Centers
Williamsmouth, MO 10354",Bulgaria,New Christinaberg,96368,135-60-1457,Public affairs consultant,Esparza Ltd,"Unit 7434 Box 2975
DPO AA 02221",Pakistan,Jonbury,42615,1974-02-07 23:36:24,553.223.6379x056,"('PGK', 'Papua New Guinean kina')",6.329113924050633
Danny Barrett,dustin16@gmail.com,"009 Ochoa Prairie Apt. 740
New Aliciatown, PA 17228",Australia,East Daniel,22789,521-14-2593,"Programmer, multimedia",Pearson-Acosta,"16250 Ashley Underpass
Brandonville, CO 36484",Mali,West Edwardside,94299,2016-07-24 08:37:06,257.007.6298,"('LBP', 'Lebanese pound')",29.41176470588235
Rick Barnes,lyoder@harris.com,"6720 Pamela Junctions
Wigginstown, AR 98011",Libyan Arab Jamahiriya,Port Steven,03190,874-39-4270,Newspaper journalist,Ruiz Group,"022 Wilson Way
Murphytown, WV 79301",Bermuda,Martinmouth,53986,2014-10-27 01:34:54,181-325-5178x110,"('THB', 'Thai baht')",6.756756756756757
Melissa Castro,peterjones@thompson.org,"6813 Moore Circle Apt. 447
West Vickiview, SD 38372",Azerbaijan,New Juan,42475,142-58-3890,"Engineer, maintenance",Frank-Gamble,"Unit 2350 Box 1100
DPO AA 42130",Papua New Guinea,Annberg,18444,1994-10-31 03:57:56,210.711.1306x9588,"('ZWD', 'Zimbabwean dollar')",6.25
Mrs. Rhonda Lopez,jacquelinestafford@hotmail.com,"19913 Lara Flat Apt. 756
Singhhaven, WY 98243",Jamaica,Lake Heidi,83423,025-76-8974,Architect,Franklin Group,"4417 Garcia Gateway Suite 563
Lake Maxwellburgh, MI 90840",Libyan Arab Jamahiriya,Lindastad,24661,2018-06-11 03:21:58,001-259-931-5702x763,"('AMD', 'Armenian dram')",10.638297872340425
Christina Nixon,wkeller@aguilar.com,"999 Dunlap Vista
West Kristen, IN 24460",Mozambique,New Tylerview,04358,047-92-0467,Electronics engineer,Decker Group,"PSC 2434, Box 0061
APO AA 56723",Greenland,Lake Bryanland,55533,2008-05-28 17:08:05,609-884-9934x35912,"('ZAR', 'South African rand')",5.9523809523809526
Madison Lopez,samanthawalker@woods-martin.com,"PSC 8492, Box 1050
APO AA 65039",Tokelau,New Oliviamouth,13052,239-30-7072,Publishing rights manager,Jenkins PLC,"71537 Jack Divide
Conwayville, AZ 58449",Mozambique,Hawkinstown,75372,2010-09-15 04:29:07,917.454.4588x45044,"('MZN', 'Mozambican metical')",6.578947368421052
Jacob Roberson,catherine50@yahoo.com,"271 Jenkins Park
Fisherbury, TX 41952",Sao Tome and Principe,Port Brandonburgh,28997,589-08-7620,Data processing manager,Parks and Sons,"Unit 1609 Box 0267
DPO AE 73872",Macedonia,South Kyle,27768,1989-04-13 00:31:50,001-079-795-5168,"('TTD', 'Trinidad and Tobago dollar')",6.4935064935064934
Danielle Cameron,steven98@gmail.com,"2164 Renee Neck Apt. 181
Lake Mariaside, CA 18133",Guinea,Juarezshire,31646,365-76-5836,"Nurse, adult",King LLC,"44554 Danny Place Apt. 002
Nicholsville, CA 54553",Kiribati,Smithmouth,97346,1983-12-09 08:03:14,702.520.5886x27768,"('BDT', 'Bangladeshi taka')",6.097560975609756
Scott Grant,othomas@barber-porter.com,"35226 Dunn Harbors
Jacquelineland, MD 16590",Afghanistan,East Michael,95685,069-15-3638,Secondary school teacher,Marshall-Burgess,"4565 Aaron Loaf Apt. 382
South Amandaburgh, WA 31185",Samoa,Port Mistyport,96950,1973-09-09 16:06:02,872.702.6909x7869,"('AOA', 'Angolan kwanza')",16.666666666666668
Joanna Young,nancy58@gmail.com,"USNS Baker
FPO AP 57956",Yemen,Hesterfort,49880,872-19-9374,"Development worker, community","Dudley, Tucker and Clayton","392 Logan Knoll Apt. 578
South Zacharyport, GA 02099",British Virgin Islands,South Rebekahhaven,03305,1992-03-30 06:37:46,898-952-1061,"('RUB', 'Russian ruble')",62.5
Brian Swanson DVM,jeremy75@miller-adams.com,"24436 David Stravenue
Priscillabury, NE 40278",Micronesia,Bradleymouth,94265,804-31-7805,"Therapist, music",May-Mckee,"099 Johnson Mill
North Judy, FL 81252",Latvia,Guerrafurt,05695,1993-02-07 21:10:46,001-650-159-3337,"('MRO', 'Mauritanian ouguiya')",6.024096385542169
Nathan Bailey,nkim@wright-cuevas.info,"1939 Sara Mountain
Jennyhaven, NC 98166",Sweden,South Jasonview,94538,285-63-7598,Site engineer,Landry and Sons,"8353 Thompson Motorway
Ericview, WI 52432",Antigua and Barbuda,Shannonshire,58632,1987-10-25 17:50:13,001-669-216-5310x5228,"('BWP', 'Botswana pula')",7.8125
Scott Reynolds,zmonroe@mack-joyce.info,"Unit 6838 Box 5161
DPO AP 96761",Antigua and Barbuda,Justinton,66789,124-19-3293,"Therapist, art","Mckay, Contreras and Williams","9309 Boyd Coves Apt. 793
Hallton, OR 58748",Palestinian Territory,Thomasborough,68587,2006-03-17 01:21:26,(069)023-0887,"('EGP', 'Egyptian pound')",8.19672131147541
Nicole Morris,virginiabrewer@gmail.com,"0992 Meyer Wells Apt. 027
East Melissahaven, CT 99654",Sri Lanka,Port Crystalside,09430,038-06-4857,Warden/ranger,"Lawrence, Bennett and Small","85210 Devin Knolls Suite 863
Geraldfort, WV 99372",Montenegro,New Davidmouth,17060,1989-05-06 07:34:54,(421)526-4816x127,"('CUP', 'Cuban peso')",10.638297872340425
Kelly Thompson,lynchvictor@gmail.com,"358 Roberts Walks
Charlesside, NJ 16271",Marshall Islands,Hoganview,92276,146-19-5823,Equities trader,Cantrell Inc,"36758 Johnson Lake
Codyborough, NY 78103",Romania,North Amy,86665,1983-10-28 15:17:00,135-540-2592,"('MZN', 'Mozambican metical')",33.333333333333336
Anthony Mccormick,bridgesjason@hotmail.com,"97287 Christina Grove Apt. 841
Port Colleenfort, WY 96828",Turkey,East Heatherborough,60636,423-48-0009,"Engineer, civil (contracting)",Savage-Williams,"9285 Carlos Isle
New Kyle, NV 73251",Mongolia,Hamiltonside,29769,1984-05-02 04:03:48,(068)972-5314x41054,"('SHP', 'Saint Helena pound')",7.462686567164179
Jane Dunn,davisdesiree@hall.com,"722 Smith Extensions
Port Monica, TN 00714",Luxembourg,South Daniel,28766,662-31-7195,Emergency planning/management officer,Hahn-Robinson,"1410 Rich Centers
Warrentown, CT 90414",Cameroon,North Frank,63114,1984-07-07 11:08:41,+1-895-883-3608x4530,"('MZN', 'Mozambican metical')",8.771929824561404
Lauren Thomas,stacyshaw@yahoo.com,"43818 Courtney Roads Suite 564
Lake Pamela, DC 41675",Guinea,North Jasonborough,98767,844-05-5612,"Programmer, systems",Fernandez and Sons,"84579 Adam Fields
Kellymouth, NC 52331",Tonga,Howardshire,44146,1983-02-19 20:56:43,001-198-119-0682,"('ISK', 'Icelandic króna')",6.329113924050633
Kerry Cruz,randymoss@drake.com,"6254 Gregory Curve Apt. 734
Port Sheryl, IL 21782",South Africa,Ericastad,32732,320-64-2994,"Geneticist, molecular",Obrien Ltd,"4266 Julie Prairie
Whitehaven, IN 03822",Zimbabwe,Coleview,42416,1990-07-28 18:22:41,(615)055-5222x68456,"('VEF', 'Venezuelan bolívar')",5.1020408163265305
Lawrence Mcbride,beckykemp@fritz.com,"981 Samantha Locks
Lake Jenniferburgh, AL 02308",United States Virgin Islands,Nicholashaven,38884,507-02-3609,Holiday representative,"Vincent, Cox and Jimenez","269 Powers Port
Port Stephenborough, WI 64315",Australia,Williamsbury,25657,1979-10-20 09:12:38,414-641-3331,"('HNL', 'Honduran lempira')",10.869565217391305
Becky Morrison,catherine87@miller.net,"08574 Stacy Union
New Daniel, DC 73299",Zimbabwe,West Hannah,40529,562-38-4850,Pensions consultant,Ho Group,"7086 Orozco Street Apt. 714
Lake Haleyshire, MD 37905",Ireland,North Julie,78811,1982-09-18 02:43:36,001-517-259-9848,"('CVE', 'Cape Verdean escudo')",18.51851851851852
Bradley Petersen,mcgeemegan@hotmail.com,"259 Derek Burg Apt. 513
Port Zachary, NV 30424",Zimbabwe,South Amanda,36416,402-99-6169,"Therapist, drama","Arnold, Rogers and Davis","331 Strickland Green Apt. 791
South Thomas, MI 12929",Lesotho,West Benjaminmouth,86153,2002-08-29 22:18:08,(686)329-4764x0042,"('SCR', 'Seychellois rupee')",25.0
Kristin Bennett,craigjames@richardson-bowen.org,"210 Jonathon Ramp
Valerieland, NC 35581",Saudi Arabia,Austinmouth,70179,264-46-8233,Research scientist (medical),"Flowers, Stein and Gutierrez","12653 Daniel Vista Apt. 420
Port Geraldland, MO 01045",Finland,Port Catherinechester,26691,1992-09-07 21:37:32,001-816-321-4645x85177,"('TVD', 'Tuvaluan dollar')",5.747126436781609
Tracy Pitts,ashley42@gmail.com,"1017 Kristie Views
Timothyton, GA 26297",Holy See (Vatican City State),Wintersborough,55017,424-41-0826,"Surveyor, rural practice",Freeman-Ramirez,"299 Wall Extensions
Port Benjaminmouth, SC 78123",Bahrain,West Sharonberg,20844,1974-11-13 10:16:40,+1-295-256-8081x35247,"('NOK', 'Norwegian krone')",5.319148936170213
Alex Peterson,benjamin75@hotmail.com,"PSC 1867, Box 4840
APO AE 75630",Sweden,Johnsonburgh,71655,479-35-9998,Set designer,"Lopez, Heath and Hernandez","38290 Solomon Vista
Alexandraberg, GA 55517",New Caledonia,Dominguezton,40117,1978-04-28 23:46:47,(073)843-1500,"('BHD', 'Bahraini dinar')",6.172839506172839
Edward Dunn,weeksmitchell@gmail.com,"039 Ronald Mountain
West Tylermouth, AK 60661",Turkmenistan,Emilyview,47330,119-89-3267,Air traffic controller,"Greene, Sharp and Rodriguez","5700 Robin Grove Suite 857
Lake Markview, CA 32188",Maldives,Sandramouth,60987,2007-08-24 20:18:30,124-172-0636,"('XCD', 'Eastern Caribbean dollar')",5.813953488372093
