Amy Li,zlucas@hotmail.com,"68313 Rodney Skyway Apt. 048
Martinborough, OK 11693",Kyrgyz Republic,Jonathantown,34663,759-27-7130,Sports coach,Howard Group,"USS Mcmillan
FPO AE 45623",Romania,Janiceview,06647,2010-10-30 09:45:19,+1-241-839-3132x38859,"('SDG', 'Sudanese pound')",5.681818181818182
Andrea Ellis,corey83@hotmail.com,"22999 Hernandez Lock Suite 409
Andersonbury, RI 13412",Slovenia,New Suzanne,33041,139-67-2477,Actuary,"Thomas, Carter and Ross","54309 Sara Brooks
New Kevin, CA 82391",Cocos (Keeling) Islands,Chambersport,67372,1971-04-23 10:32:57,882-281-3591x15721,"('BHD', 'Bahraini dinar')",14.285714285714286
John Williamson,smcgee@yahoo.com,"609 Perez Causeway
Parkerton, HI 68629",China,Hollandton,96167,553-24-6785,Print production planner,Warner Group,"08255 Lisa Well Apt. 917
West Cynthiatown, AZ 27006",Niue,Lake Johnnyton,09193,2011-12-25 11:34:48,231.274.1952,"('MVR', 'Maldivian rufiyaa')",7.246376811594203
Tamara Stewart,conleyallison@booker.net,"018 Ruben Mountain
Harrisborough, IL 46725",China,North Yvonneburgh,53856,157-13-4217,"Programme researcher, broadcasting/film/video",Boyd and Sons,"80042 Baxter Loop
West Jennifer, MA 32877",Yemen,Shawnhaven,03912,1994-07-11 22:44:46,+1-941-670-0978x159,"('PEN', 'Peruvian sol')",6.666666666666667
Justin Roberts,sydneywalker@hotmail.com,"65340 Tucker Lake Suite 017
East Renee, AK 20025",Uganda,Lisaport,13104,706-06-6477,Secretary/administrator,Sutton Ltd,"USCGC Snyder
FPO AE 87693",Rwanda,West Jamesstad,58426,1974-12-07 13:32:36,199.037.9058x4533,"('HUF', 'Hungarian forint')",29.41176470588235
Kimberly Harrison,zwright@stewart.net,"6492 Newman Forge Apt. 553
Calderonmouth, RI 05052",Bhutan,Thomasview,23655,641-95-1070,Management consultant,"Powell, Powers and Woodward","325 Andrew Spring Apt. 905
West Brian, CA 02874",Lao People's Democratic Republic,Kylefort,71024,1988-07-02 11:56:27,439-917-2106,"('LBP', 'Lebanese pound')",11.627906976744185
Willie Jackson,ywest@bryant.info,"378 Fernandez Parkways
Jacobside, KS 99130",Cape Verde,West Tina,52701,795-61-7110,Company secretary,"Snyder, Foley and Smith","PSC 6076, Box 1783
APO AA 05877",Libyan Arab Jamahiriya,Markbury,79128,1973-02-13 13:08:48,741-955-9754,"('SVC', 'Salvadoran colón')",7.936507936507937
Laura Gordon,steven68@allen-benson.com,"46165 Gonzales Mews Apt. 389
Rileymouth, TX 83515",Kiribati,West Williamton,12148,047-18-2391,International aid/development worker,Hurst-Phillips,"812 Melissa Forks Apt. 818
Jenningsberg, IL 32694",Uruguay,Loriberg,51198,1994-03-06 03:58:32,317.809.8580x818,"('JMD', 'Jamaican dollar')",8.474576271186441
Eddie Jones,xwade@gmail.com,"PSC 5698, Box 7589
APO AE 53620",Greenland,South Nicholasbury,86209,527-17-6133,Ceramics designer,Gonzales LLC,"3169 Oconnor Station
East Mario, MT 37195",United States Virgin Islands,Washingtonmouth,73620,1986-03-06 23:54:45,+1-095-956-9510,"('ALL', 'Albanian lek')",5.681818181818182
Julie Waller,christinarobinson@yahoo.com,"67167 Debra Underpass Apt. 075
New Jillianbury, FL 23647",China,Deniseberg,98413,443-40-1731,Tour manager,Ward-Taylor,"4539 Eric Springs
Johnborough, NV 96775",Kyrgyz Republic,West Michaelshire,82550,1981-01-23 02:17:39,853.524.1581,"('COP', 'Colombian peso')",6.410256410256411
Mary Turner,falvarez@yahoo.com,"9165 Morrison Rest
New Nicholas, WI 72731",Eritrea,Johnsonchester,81447,619-28-7245,Archivist,Long-Gutierrez,"4505 Justin Junctions
Lake Soniafort, NJ 03874",Sudan,South Alexis,00886,2005-10-16 10:59:52,088-208-5950,"('KYD', 'Cayman Islands dollar')",25.0
Andrew Smith,millerphyllis@gmail.com,"1202 Angelica Shores
Mckinneyton, MI 75655",Cote d'Ivoire,Lake Rodneyborough,35362,869-59-0872,"Runner, broadcasting/film/video",Fletcher and Sons,"06193 Bailey Manors
East Leslieside, FL 18194",Belize,East Tomstad,87851,1999-07-25 17:38:18,344-148-7022x238,"('BZD', 'Belize dollar')",20.833333333333332
Zachary Livingston,zhenry@yahoo.com,"525 Collins Valley
Blakestad, NC 52585",Montenegro,Andersonmouth,46299,516-80-5642,"Physicist, medical","Clark, Cannon and Giles","PSC 0807, Box 9430
APO AE 71090",Saint Kitts and Nevis,Lake Maryport,05784,2018-05-12 23:50:22,(902)763-8909,"('BGN', 'Bulgarian lev')",17.24137931034483
Mr. Daniel Erickson,nwilliams@hotmail.com,"45787 Dale Island
Stephenhaven, VT 47391",Finland,Escobarland,57258,007-45-1346,Hydrogeologist,Adams-Jones,"449 Williams Brook
West Brittanytown, MT 78382",Sierra Leone,Port Johnburgh,16418,2014-02-10 19:04:53,583.075.8789x6948,"('XCD', 'Eastern Caribbean dollar')",7.352941176470588
Amanda Fields,qanderson@webb-ross.info,"05409 Patrick Creek Suite 571
South Sheena, VT 99150",Georgia,South Emmaside,46129,444-04-5089,Patent examiner,Lopez LLC,"61617 Alicia Gardens Apt. 982
West Taylorton, NV 27908",Syrian Arab Republic,East Dean,07291,1996-01-01 23:58:20,001-789-444-6619,"('TJS', 'Tajikistani somoni')",11.904761904761905
Susan Williams,paul99@hotmail.com,"931 Castillo Loop Suite 833
Lake Amyfort, AL 20810",Jamaica,East Bryan,62349,114-49-8935,Aeronautical engineer,"Norton, Murphy and Jones","26236 Lindsey Centers Suite 827
Port Terrihaven, MA 06570",Guyana,Guzmanport,69104,2009-07-06 11:48:02,(704)299-4776,"('HKD', 'Hong Kong dollar')",8.771929824561404
Meghan Doyle,jonathanortega@scott.com,"PSC 9005, Box 9246
APO AA 24665",United Kingdom,Longville,21496,851-17-8512,Archivist,Martinez-Edwards,"28706 Davis Union
South Timothy, AZ 87878",Turkmenistan,Lake Michelebury,76310,1976-07-19 17:38:30,430-604-6242x7164,"('WST', 'Samoan tālā')",13.88888888888889
Nicole Little,samanthasnow@duke.biz,"6475 Wilson Turnpike
Daisymouth, UT 95049",Uganda,West Patriciahaven,82635,416-83-9415,Administrator,Green-Wolf,"6960 Mullins Run
Leachton, SD 13324",Central African Republic,East Melanie,14286,2005-04-25 04:08:34,5252807871,"('BOB', 'Bolivian boliviano')",7.6923076923076925
Eric Williams,michael63@greer.info,"1719 Tracy Plains Suite 512
Garciamouth, OH 43087",Cocos (Keeling) Islands,East Anne,37462,042-19-8032,Sub,Miller LLC,"9156 Tracy Fort
South Whitneyshire, CA 17135",Russian Federation,Port Seth,16966,2011-05-06 18:03:17,001-868-085-7749,"('MVR', 'Maldivian rufiyaa')",5.05050505050505
James Nolan,hunter31@gonzalez.com,"724 Moran Parks
Port Sean, MI 14809",Zambia,Johnsonport,77799,852-96-3402,Charity officer,Hernandez-Barnes,"5121 Andrew Garden Suite 973
New Thomashaven, DC 80876",Wallis and Futuna,Omarfort,74722,1989-05-22 22:45:09,913.377.4148,"('IDR', 'Indonesian rupiah')",5.617977528089888
Amanda Meyer,melissaleblanc@yahoo.com,"87707 Snyder Wells
Port Allisonfurt, IN 35138",Chad,Angelamouth,68718,060-63-4840,Dance movement psychotherapist,Williamson-Schwartz,"58201 Michele Meadows Apt. 955
North Rebeccaton, KS 58536",New Zealand,New Kimberly,68261,1985-03-19 14:26:06,8034407246,"('MVR', 'Maldivian rufiyaa')",5.319148936170213
Dana Huerta,stricklandmackenzie@stephens-travis.net,"Unit 4844 Box 0124
DPO AE 96473",Cote d'Ivoire,Lake Julie,94042,667-65-1124,"Teacher, primary school","Martinez, Walker and Hernandez","5045 Sherman Manors Apt. 423
Joshuafurt, MT 13937",Denmark,East Sarahbury,97944,2010-07-17 07:06:16,900-341-3294,"('BOB', 'Bolivian boliviano')",7.575757575757576
Randy Coleman,jenniferjones@porter.info,"67094 Nicholas Valleys
Lake Jamesburgh, DE 91669",Senegal,Chenberg,23319,709-61-2958,Freight forwarder,Anderson-Garcia,"573 Connor Drive Apt. 055
West Courtney, SD 76415",Grenada,Bennetthaven,38753,1976-04-01 09:24:03,001-573-514-2252x999,"('ZWD', 'Zimbabwean dollar')",15.625
Lauren Johnson,cbrown@livingston-craig.biz,"45506 Judith Spring Suite 979
South Matthew, WY 48500",United Arab Emirates,Donnachester,81930,289-93-7782,"Nurse, mental health","Clarke, Kerr and Maldonado","08015 Katherine Terrace
Ashleyville, MT 90804",Tanzania,Lake Collin,10438,1994-03-25 08:13:19,+1-453-350-5107,"('TZS', 'Tanzanian shilling')",5.376344086021505
Amanda Choi,uhill@green.net,"7681 Peck Square
Sheppardshire, NE 90989",Colombia,South Gregoryville,66786,538-68-3945,Electronics engineer,Scott-Stevens,"52589 Roth Common Suite 319
Scottland, IA 14197",Monaco,East Kellyton,12943,2018-05-07 09:47:03,001-386-464-8526x93808,"('IDR', 'Indonesian rupiah')",5.617977528089888
Jacob Cruz,shannon55@gmail.com,"492 Steven Stream
New Christopher, KY 90812",Slovenia,Brandonfort,24177,486-63-4192,"Engineer, biomedical","Bruce, Woods and Davis","519 Logan Fork Suite 668
Lutzview, RI 66381",Mayotte,Lake Taraton,83939,1979-04-06 23:24:04,+1-263-101-3912x11936,"('ZAR', 'South African rand')",8.771929824561404
Ian Lopez,gregorycantrell@chung.biz,"6066 Patterson Divide Suite 810
Port Melissa, UT 71416",Kiribati,Randyburgh,59023,636-24-8036,Cytogeneticist,Bartlett and Sons,"PSC 8887, Box 6826
APO AP 79888",Cote d'Ivoire,Morseshire,77445,2008-05-30 02:36:50,(648)112-7957,"('KMF', 'Comorian franc')",6.25
Charles Brown,raymond07@alexander.com,"35390 White Junctions
Jennaville, WA 16701",French Guiana,Garzastad,70204,219-10-8946,Herbalist,Allen LLC,"872 Smith Common Suite 362
Montgomeryfurt, FL 52398",Mali,Walkerbury,51740,1985-05-06 21:16:11,163.327.9338x5658,"('CLP', 'Chilean peso')",5.882352941176471
Kayla Davis,meganbrown@castro.com,"128 Lisa Stravenue Apt. 013
Angelamouth, IL 34429",Saint Kitts and Nevis,Kaufmantown,05899,845-16-4838,Waste management officer,Fisher and Sons,"34815 Patterson Locks Suite 338
Heatherchester, CT 67161",Sudan,North Andrea,55494,2012-04-22 18:51:15,+1-975-750-2983x5427,"('XAF', 'Central African CFA franc')",35.714285714285715
Sarah Hodges MD,halegloria@chaney.com,"0702 Santana Gateway Apt. 968
East Allison, ND 66348",Syrian Arab Republic,Salazarfurt,03062,270-23-4968,"Production assistant, radio","Fowler, Thomas and Fisher","PSC 4564, Box 4844
APO AA 47133",Zambia,Hernandezberg,48155,1995-12-08 14:30:38,+1-304-967-4379,"('LSL', 'Lesotho loti')",6.8493150684931505
Albert Esparza,zmerritt@yahoo.com,"518 Price Green Apt. 249
Port Robertport, VA 50727",Macao,Amandabury,04673,135-87-2732,Investment analyst,"Flowers, Donovan and Moon","977 Austin Ramp Apt. 581
Lanetown, VA 64756",Guinea,Sarahview,23038,1979-07-22 11:10:31,508.687.8962,"('OMR', 'Omani rial')",5.555555555555555
Sydney Stone,james42@rocha.net,"PSC 2330, Box 2742
APO AE 64493",Cyprus,Davidtown,37841,709-89-0444,"Designer, furniture","Williams, Chavez and Tucker","25847 Cynthia Overpass
Banksmouth, NJ 42520",Maldives,New Rebecca,96111,1991-09-01 03:37:11,448.211.7308,"('ARS', 'Argentine peso')",23.80952380952381
Hannah Henderson,vmaldonado@jenkins.com,"3203 Victor Mills Suite 888
Alvarezmouth, MD 58541",Macedonia,East Veronicaberg,82782,675-74-5308,Field seismologist,"Burke, Miller and Lee","56136 John Row
South Wendyborough, MI 15764",Cape Verde,Jonesfurt,76718,2006-07-12 06:56:17,(207)404-2907,"('SLL', 'Sierra Leonean leone')",16.129032258064516
Jacqueline Ellis,robertjones@hotmail.com,"063 Pamela Place
Peterston, CA 71470",Antigua and Barbuda,Kathleenburgh,27066,669-80-8278,Civil Service administrator,"Clark, Fleming and Fuller","8423 Timothy Mission
New Christopher, NV 10078",Tanzania,New Nicole,91762,1972-09-18 05:20:10,+1-658-207-6567x837,"('GEL', 'Georgian lari')",250.0
Eric Flores,lawrencecopeland@moreno-buckley.biz,"17840 Brandon Ways
Katherinemouth, NE 38470",Japan,South Nicoleshire,66670,301-53-0013,Special educational needs teacher,Mullins-Grant,"49607 Jermaine Stream
East Kevinmouth, KY 44595",Seychelles,Marshallmouth,33065,1984-04-15 19:54:31,+1-165-265-7015x4732,"('OMR', 'Omani rial')",13.157894736842104
Chloe Hall,donaldramirez@gmail.com,"21866 Hill Inlet
Bowersfort, AR 01987",Marshall Islands,West Leslie,27654,486-85-0479,Catering manager,Hansen-Allen,"36817 Jessica Throughway
Camposborough, AL 55006",Afghanistan,Richardland,38305,1991-12-22 16:09:45,+1-199-197-6374x48075,"('JEP', 'Jersey pound')",6.25
Mr. Brian Haney DDS,toddmills@yahoo.com,"7488 Tyrone Isle
Mariaport, ND 12355",New Caledonia,East Jonathanstad,28072,555-91-1586,Agricultural consultant,Taylor-Medina,"13131 Mccarthy Fork Apt. 887
Kaylaberg, WV 13914",Seychelles,Carlosview,82935,2016-08-30 15:20:43,0788661399,"('NIS', 'Israeli new shekel')",41.666666666666664
Bryan Mccormick,qcoffey@johnson-elliott.biz,"27956 Johnson Corners Apt. 525
Morrisonside, NJ 65565",Antigua and Barbuda,Ballhaven,74643,591-49-7580,Geophysical data processor,Bullock LLC,"1774 Richards Manors
North Daniel, NV 58956",Venezuela,Fosterstad,15009,2003-04-03 18:51:03,+1-754-095-2368,"('IMP', 'Manx pound')",45.45454545454545
Andrea Estrada,yprice@hotmail.com,"30311 Sanchez Manors Suite 840
Deniseside, AL 71076",Serbia,North Mistyshire,34080,168-51-9032,Marketing executive,Thomas-Stanley,"048 Barton Fields Apt. 233
Gonzalezbury, OK 99942",Lebanon,Martinezland,18392,1984-01-13 11:27:16,162-022-7850x904,"('DZD', 'Algerian dinar')",500.0
Kevin Abbott,wilsonjames@hughes.info,"66609 Underwood Groves
Port Nicoleport, GA 44401",Libyan Arab Jamahiriya,Reneeport,38449,837-61-1771,Retail merchandiser,"Hart, Pacheco and Rodriguez","USNV Oneal
FPO AA 10965",Burkina Faso,Kevintown,47144,1999-02-22 18:50:34,981.870.5142x919,"('SVC', 'Salvadoran colón')",6.410256410256411
Eric Diaz,keithdiana@hotmail.com,"165 Lynch Ranch
Port Kelli, ND 46955",Malawi,North Jasonbury,09295,267-57-5666,Health and safety inspector,"Johnson, Wallace and Williams","5590 Lynch Lakes
Gardnerton, NH 47931",Mongolia,Maryville,14735,2007-11-23 02:14:12,+1-556-341-5201,"('ZWD', 'Zimbabwean dollar')",8.064516129032258
Rebecca Harmon,bergerjames@bradley.biz,"59021 Morgan Forks
Port Stacyhaven, RI 34641",Brazil,Katelynstad,62757,861-40-9268,Newspaper journalist,"Johnson, Cruz and Cole","613 Justin Valley
Nicoletown, NC 29076",Angola,Laurenside,88878,2015-04-21 23:55:36,+1-468-007-4490x41333,"('XDR', 'Special drawing rights')",9.615384615384615
Lori Coleman,juangates@hotmail.com,"0722 Michele Bypass Suite 949
Jenniferland, IA 05341",Micronesia,Lake Rachelport,05005,032-96-0900,Retail merchandiser,Salinas PLC,"081 Patricia Gardens
West Stephen, PA 91236",Moldova,New Danielle,16499,2010-12-03 00:13:03,3213855862,"('BRL', 'Brazilian real')",5.681818181818182
Amanda Daugherty,jblake@yahoo.com,"92326 Luke Pass Apt. 257
Brownville, WI 14725",Hungary,West Angelaton,38890,072-16-9603,Charity officer,Lewis and Sons,"PSC 2328, Box 0428
APO AA 02559",Pitcairn Islands,Westburgh,97570,1983-09-10 02:34:39,6950845743,"('TJS', 'Tajikistani somoni')",29.41176470588235
Robert Harris,oanderson@gutierrez-andrade.net,"414 Amanda Bridge
Montgomeryland, WI 32447",Suriname,New William,93270,774-84-6538,Community education officer,"Young, Bolton and Brown","0767 Harper Pike Suite 967
Waltermouth, WV 46287",Solomon Islands,Dustinfort,95275,1977-08-29 16:32:23,001-941-696-9846x47163,"('SOS', 'Somali shilling')",29.41176470588235
Joseph Mccarthy,yhowell@hotmail.com,"415 Briana Prairie
East Crystalhaven, MD 80105",Jamaica,Stacyside,94924,790-70-3234,"Scientist, research (maths)",Lee-Roach,"7884 Christopher Course
Zacharymouth, HI 48590",Niue,Richardshire,63391,2017-02-13 04:12:45,001-610-720-1210x9612,"('HUF', 'Hungarian forint')",17.857142857142858
William Wallace,kimjennifer@hotmail.com,"692 Willie Falls Apt. 452
Lake Michaelville, AZ 61768",Belgium,Port Lance,16304,844-51-9637,Amenity horticulturist,"Black, Nelson and Castillo","0592 Thomas Isle Suite 385
East Melindamouth, SD 78221",Bouvet Island (Bouvetoya),North Lindsay,08851,2016-12-20 03:09:27,523-020-6339x6962,"('STD', 'São Tomé and Príncipe dobra')",15.625
Robert Escobar DVM,ljordan@meyers.com,"31889 William Radial
East Ryan, OH 32475",Heard Island and McDonald Islands,East Mary,97780,606-68-7478,Insurance risk surveyor,"Aguilar, Gordon and Daugherty","5927 Mullins Forges
Warrenport, AZ 93684",Tunisia,Harmonchester,03480,1971-10-11 04:20:20,812.434.8012x66769,"('NGN', 'Nigerian naira')",8.928571428571429
Melissa Avery,amberwilliams@yahoo.com,"5448 Shelia Landing Apt. 843
South Chad, LA 64737",Togo,Port Danny,50310,827-68-9858,"Therapist, speech and language",Gibson PLC,"228 Gould Extensions
South Anna, VA 96584",French Southern Territories,Burnsstad,93977,1977-09-02 09:38:01,956-579-3712x899,"('JOD', 'Jordanian dinar')",14.285714285714286
Robert Velasquez,kbruce@yahoo.com,"175 Wallace Locks Apt. 619
Port Michelleburgh, OR 35918",Macedonia,Michelleberg,91042,307-02-8155,"Engineer, manufacturing systems",Jones and Sons,"378 Misty Curve Suite 377
Dunlapport, HI 08849",Venezuela,Proctorview,66238,1980-11-17 09:27:56,001-529-080-2636x2828,"('MYR', 'Malaysian ringgit')",8.333333333333334
Tina Hall,amcbride@gmail.com,"484 Dennis Trail Suite 233
West Patriciafort, NE 16510",Hungary,East Dylan,85329,392-24-8945,Waste management officer,Miller-Liu,"73378 Haley Center Suite 558
Port Patricia, WI 83157",Lebanon,Rodrigueztown,56965,2008-02-10 04:19:51,(963)893-6106x8126,"('SZL', 'Swazi lilangeni')",7.042253521126761
Joyce Johnson,pattersonluis@hotmail.com,"USNV Harrington
FPO AE 27698",Hungary,East Jefffurt,84290,088-72-7805,"Surveyor, rural practice",Mcdonald-Dunn,"02929 White Rapid Apt. 320
Lake Barbara, TX 53860",Tunisia,East Tracyfort,88779,1993-12-14 03:06:33,001-172-980-2477x100,"('VUV', 'Vanuatu vatu')",23.80952380952381
Elizabeth Nguyen,corydecker@sims-frye.info,"9386 Smith Station Apt. 109
East Michael, NV 63460",Serbia,Josephhaven,65368,783-96-8526,Media planner,Price-Warner,"8736 Castillo Drives Apt. 353
Rogerhaven, AK 00879",Nauru,Port Brandibury,52997,1980-11-26 17:16:39,241-629-0238,"('AFN', 'Afghan afghani')",13.513513513513514
Collin Robinson,cookanthony@yahoo.com,"419 Paul Extension Apt. 147
Masonchester, WA 64549",Turkmenistan,Stewarttown,08892,548-49-3368,Hospital pharmacist,"Haney, Ramirez and Hutchinson","9145 Maurice Greens Suite 693
Brendamouth, AR 25445",Antarctica (the territory South of 60 deg S),Pattersonville,29636,1973-01-22 09:12:08,9930992715,"('PGK', 'Papua New Guinean kina')",31.25
James Mccoy,linda70@gmail.com,"992 Stephen Forest
Lake Matthewfort, TN 80572",Guam,Frankchester,44466,464-30-2515,Research scientist (medical),Warner-Wyatt,"PSC 5971, Box 8293
APO AP 25718",United Kingdom,Nathanland,19414,1989-10-23 03:53:56,8807925331,"('JMD', 'Jamaican dollar')",12.5
Christina Lopez,bethanytaylor@gmail.com,"659 Walter Roads
South Craigton, PA 90718",Tajikistan,Port Amanda,53050,041-97-6934,Management consultant,Tran and Sons,"6160 Ebony Estate
Port Amandamouth, AL 19253",United States Minor Outlying Islands,Lake Leslietown,41627,2017-09-23 10:52:45,565-750-6397x84283,"('JMD', 'Jamaican dollar')",5.0
Angela Matthews,johnsonandrew@yahoo.com,"51009 Dillon Shores Suite 908
West Jeremyview, MN 10173",Kyrgyz Republic,West Douglas,67523,129-97-7773,Textile designer,Poole-Flores,"58906 Donald Trace
Parkerhaven, OR 34323",United Arab Emirates,New Michaelbury,50454,1996-05-04 14:24:44,713.906.0727,"('ARS', 'Argentine peso')",5.376344086021505
Michelle Moore,richardgardner@bailey.com,"463 Guzman Park Apt. 308
North Thomas, CO 79055",Lesotho,Port Christopherborough,22188,465-81-3622,"Psychologist, educational",Smith Group,"5984 Foster Plains Apt. 533
West Judith, AL 81354",Iran,New Petertown,94862,1990-07-23 19:12:08,001-196-938-9180,"('LTL', 'Lithuanian litas')",16.129032258064516
Todd Rose,wturner@pope.com,"15731 Tracie Flat
Jayport, GA 09770",United States of America,Port Shellystad,34448,297-85-8121,Paramedic,Farmer LLC,"413 Jarvis Field
Lake Jason, GA 24274",Cocos (Keeling) Islands,Coxmouth,03016,1974-12-18 07:29:09,+1-825-327-3489x41916,"('MVR', 'Maldivian rufiyaa')",7.462686567164179
Corey Russell,dhayes@yahoo.com,"1109 Morris Branch
South Lindaport, CT 89857",Slovakia (Slovak Republic),North Meredithland,40205,143-35-1892,"Designer, television/film set","Garcia, Ali and Horton","81290 Hart Dam Apt. 755
Medinaborough, TN 36070",Lebanon,Lake Camerontown,01381,1975-04-27 16:05:50,001-166-978-5411,"('TND', 'Tunisian dinar')",41.666666666666664
Hannah Bush,matthew88@hotmail.com,"18073 Richards Spurs
West Tammymouth, MT 94523",Vietnam,East Justinton,74167,853-33-2893,Comptroller,Long Ltd,"43617 Hartman Groves Apt. 337
Reynoldston, KS 50602",Kazakhstan,Port Anthonyfort,44555,1978-03-03 19:28:30,001-151-935-7453x4850,"('UZS', 'Uzbekistani soʻm')",83.33333333333333
Laura Freeman,schaeferchristopher@vance-shannon.com,"238 Sara Plaza
Baldwinton, SC 17595",Guinea-Bissau,Liberg,95302,180-40-7917,Jewellery designer,"Rodriguez, Mahoney and Henry","PSC 8199, Box 1753
APO AE 10552",Saudi Arabia,Lake Ronald,30114,1996-05-29 04:19:04,(969)150-8000,"('CRC', 'Costa Rican colón')",6.944444444444445
Trevor Herrera,lisamoreno@gmail.com,"341 Jensen Fall Apt. 320
New Catherinefort, KY 86185",Serbia,New Sara,15465,734-77-3038,"Surveyor, minerals",Little LLC,"8942 Willie Hills
Weaverport, DE 76592",Hungary,Nathanmouth,86462,1984-10-31 06:14:43,278.862.5051x92872,"('HUF', 'Hungarian forint')",8.928571428571429
Ryan Howard,whitneyhouston@yahoo.com,"359 Ray Rapid
Johnsonborough, SC 09607",Malaysia,North Eric,46044,029-53-3188,"Solicitor, Scotland","Rivas, Wheeler and Peterson","Unit 6351 Box 8095
DPO AP 33559",Niue,Martinton,45205,1989-02-13 02:27:12,784.930.5862x5081,"('SVC', 'Salvadoran colón')",12.5
Ashley Ryan,johnstonelijah@gordon.com,"29871 Susan Viaduct
Cranechester, TX 49301",Kyrgyz Republic,East Johnville,30214,306-15-5640,Musician,Rodriguez-Mathews,"2024 Wood Throughway Apt. 786
Santanaburgh, PA 78610",Mauritania,Acostahaven,83545,1996-01-14 04:19:49,001-376-131-2458,"('EGP', 'Egyptian pound')",8.771929824561404
Betty Mayo,leecourtney@harris.com,"55072 Eileen Alley Suite 068
New Karen, ME 41593",Iceland,North Charlesmouth,88013,420-54-6615,Neurosurgeon,"Cervantes, Smith and Copeland","74123 Ruben Ridge
Campbellhaven, MS 68063",Austria,Amyberg,02950,2000-01-02 18:09:50,(086)953-1190x4770,"('IMP', 'Manx pound')",6.024096385542169
Mary Richardson,revans@crawford-williams.com,"8635 Perry Forges
New Jody, ME 78781",Mongolia,Alejandromouth,94358,273-92-6860,Health service manager,Warren LLC,"68145 Sanders Groves Suite 267
Mariaberg, NH 89821",Mauritania,Lake Michealview,33560,2017-09-15 20:39:43,(973)206-1937,"('LSL', 'Lesotho loti')",11.904761904761905
Kimberly Christensen,lesonya@yahoo.com,"4530 Christopher Stream
Port Sabrinashire, CA 84473",Russian Federation,Kellerside,34243,390-60-1015,"Engineer, control and instrumentation",Baker Group,"183 Evans Dale Suite 257
Johnstonport, TN 81490",Mayotte,Patelview,36806,1997-11-04 23:20:44,001-082-248-8882,"('STD', 'São Tomé and Príncipe dobra')",6.944444444444445
David Schmidt,andredennis@johnson.com,"5265 Schroeder Land Apt. 665
Port Robin, CO 83884",Christmas Island,South Annaview,17217,557-45-8732,Public affairs consultant,Chavez Inc,"5377 Washington Manor Suite 594
Evansbury, WI 88783",San Marino,Lake Johnville,68933,1972-03-16 18:42:29,674.320.2461x053,"('SEK', 'Swedish krona')",16.129032258064516
Travis Brown,davisstephen@gmail.com,"4034 Stephenson Lakes
Port Jimstad, MS 02168",Congo,South Ashleefurt,58647,577-60-6015,Licensed conveyancer,Hebert-Schwartz,"06417 Sean Squares
North Stephen, NM 41954",Madagascar,Jasmineport,33986,1991-06-14 12:58:13,739-371-3073,"('MYR', 'Malaysian ringgit')",5.2631578947368425
Kathryn Foster,millerbarbara@warner.com,"8979 Day Vista
Lewiston, NH 81966",Tanzania,Lindafurt,08577,831-70-7632,"Journalist, broadcasting",Phillips-Weiss,"8656 Chavez Crescent
Kennethside, OR 16218",Lithuania,Morriston,36500,2001-03-16 08:31:14,036.026.5080x13272,"('SEK', 'Swedish krona')",5.0
Mr. Ian Mills,robertsashley@gmail.com,"1834 Karen Walks
New Adrianaville, WA 24786",Vietnam,Mckeefort,41718,151-91-0775,"Production designer, theatre/television/film",Dixon LLC,"12147 Clarke Creek
South Matthewberg, IN 92676",Zambia,South Teresaberg,51154,2003-11-30 21:20:55,(552)046-2480,"('TJS', 'Tajikistani somoni')",8.928571428571429
Jack Tate,lperez@santiago-oconnell.com,"422 Charles Lane
Port Lance, MI 50783",Brazil,Lake Jamesfurt,39453,644-83-6626,Sports development officer,Harris-Williams,"3925 Moses Place Apt. 256
New James, MI 14472",Liberia,Dawnmouth,52666,2000-03-04 20:10:31,3304119891,"('IQD', 'Iraqi dinar')",26.31578947368421
Thomas Jensen,dayrobert@yahoo.com,"95238 Thomas Dale Suite 266
Brianborough, AZ 64655",Senegal,Andersonmouth,89307,604-40-1240,Maintenance engineer,"Adams, Hanson and Berg","USNV Bailey
FPO AP 39376",South Africa,Mikeland,41058,2019-03-01 20:18:09,979.441.8217x10445,"('ALL', 'Albanian lek')",7.575757575757576
Mr. Anthony Vega Jr.,ambergould@walton-meyer.com,"490 Keith Via Suite 854
Carolineton, FL 97201",Mongolia,Paulaland,46076,742-50-7250,Ceramics designer,Jimenez-Riley,"4401 Rebecca Flats
North Latashaside, TX 91313",Vietnam,East Devonport,19492,2007-10-23 06:38:01,462-995-1643,"('ILS', 'Israeli new shekel')",41.666666666666664
Linda Lamb,emyers@cohen.biz,"527 Watkins Key Apt. 247
South Cynthiaberg, IA 67403",United States of America,Williamstown,59707,689-07-7697,Private music teacher,"Pittman, Brown and Shaffer","7013 Rodriguez Junction Apt. 504
Turnerfort, WA 01156",Liechtenstein,Amandaview,44424,2017-12-05 01:19:32,+1-361-505-3142x50811,"('TTD', 'Trinidad and Tobago dollar')",9.803921568627452
Kimberly Stone,zavalastephanie@yahoo.com,"55562 Douglas Mews
Lake Thomas, WA 66797",Antarctica (the territory South of 60 deg S),North Kenneth,82482,353-08-4095,Catering manager,"Cook, Scott and Brown","4472 Gail Hill Apt. 122
Huffville, OH 46321",Croatia,East Jacobstad,95858,2014-04-05 03:51:02,(171)994-5508,"('GBP', 'Pound sterling')",41.666666666666664
David Arnold,bankskimberly@hotmail.com,"5953 Jasmine Lake Suite 517
Port Matthewfort, WA 52106",Serbia,Gregoryport,90517,462-92-3690,Site engineer,Davis Inc,"1286 Natalie Branch Suite 420
Melissastad, MT 99207",Yemen,West Tammieland,05487,1982-11-01 14:28:26,001-149-147-9956x5971,"('PHP', 'Philippine peso')",17.24137931034483
Dylan Oliver,malikpreston@yahoo.com,"84511 Kimberly River Apt. 050
Jasonshire, AL 28568",Taiwan,Mannchester,75610,896-58-8761,Aeronautical engineer,Novak-Clark,"9959 Margaret Light
Claytonburgh, MA 03168",Hungary,Jenkinschester,98390,2002-02-09 13:35:42,329-558-6421x474,"('RUB', 'Russian ruble')",11.11111111111111
Mark Carter,aholder@hotmail.com,"27751 Wesley Pines Suite 204
Haynesfurt, MO 64740",Cuba,Foxville,24436,732-38-9223,Barrister's clerk,"Davis, Bean and Hanson","537 Ali Crossing Apt. 458
Lake Rebecca, RI 01864",Israel,New Erichaven,48852,2007-10-05 16:42:18,339.763.0058x9213,"('IRR', 'Iranian rial')",7.575757575757576
Julie Marsh,mandrews@brown-barton.com,"56194 Amy Centers Apt. 465
East Gregoryborough, UT 98625",Peru,New Cassidyview,60624,408-23-8086,Chief Strategy Officer,"Hunt, Collins and Nunez","48595 Kelly Harbors Apt. 101
Martinezside, CA 80921",Comoros,Lake Wandabury,29871,1976-01-24 05:11:47,505.155.2362x92022,"('BBD', 'Barbadian dollar')",8.620689655172415
Jordan Harris,analozano@yahoo.com,"980 Kelly Parks Suite 603
Wilsonview, DC 19513",French Guiana,Jessicaberg,04201,561-51-8799,Clinical cytogeneticist,Parsons Ltd,"9165 Heather Expressway
South Abigail, WI 03152",Cambodia,Jeffreyton,98915,1991-05-22 16:17:00,(165)346-8239x575,"('BSD', 'Bahamian dollar')",7.575757575757576
Bryan Bernard,dhuang@hotmail.com,"PSC 6281, Box 9906
APO AP 04469",United Arab Emirates,Jacksonshire,39242,153-35-2333,Communications engineer,James-Floyd,"99532 Romero Islands
Bennettburgh, AK 40483",Sweden,Walshland,08113,1980-06-09 01:13:44,+1-820-947-8586,"('GGP', 'Guernsey pound')",13.88888888888889
Franklin Rivera,gabrielbrown@yahoo.com,"37136 Davis Gardens
Johnsonmouth, VT 64986",Chad,Joshualand,15289,645-03-9381,"Engineer, structural",Huff Group,"40211 Drew Forge
Patriciaberg, UT 34978",Tuvalu,South Derek,76108,1993-02-17 22:51:42,001-475-178-7871x754,"('USD', 'United States dollar')",22.727272727272727
Shannon Smith,raymondlisa@marshall.com,"517 Angela Land Suite 829
Freemanside, CT 21882",Sao Tome and Principe,Michelletown,02599,881-82-6800,"Research officer, government",Watson-Smith,"1892 Gardner Hill Apt. 105
Lake Donnafurt, VA 58835",Singapore,Pinedaview,99156,1992-09-27 13:33:16,625-507-6749x40082,"('LSL', 'Lesotho loti')",10.204081632653061
Mark Stewart,william41@williams.com,"748 Miles Center
New Natalie, ME 33516",Russian Federation,East Joannefurt,27212,693-48-0610,Dispensing optician,"Morgan, Stewart and Haynes","700 Russell Divide
Erikaport, KS 65561",Iran,Lozanoberg,61597,1995-06-18 19:12:37,(141)657-9124x78273,"('BTN', 'Bhutanese ngultrum')",14.285714285714286
Katelyn Cooper,camposjonathan@hotmail.com,"PSC 3505, Box 5719
APO AE 21775",Bermuda,Amyfort,61236,840-70-1353,Chartered management accountant,Mullen Ltd,"695 Sydney Square Suite 862
Brownbury, MD 11896",Haiti,Simmonsmouth,44297,2018-01-08 10:58:26,+1-143-494-4619x62493,"('ZAR', 'South African rand')",12.820512820512821
Michael Yang,john45@clark.biz,"548 Jason Walks
Barkerborough, CO 42119",Congo,New Sheryl,69997,758-72-0732,"Optician, dispensing","Evans, Holland and Brown","424 Hunt Track
West Riley, AL 81381",Congo,West Jacqueline,05193,1975-10-13 12:10:47,823.407.1083x502,"('PGK', 'Papua New Guinean kina')",9.433962264150944
Jennifer Thomas,feliciagalvan@hotmail.com,"4398 James Crest Suite 724
Hillland, MA 59821",Reunion,South Joel,75886,526-89-2464,Data scientist,Brock and Sons,"37895 Oliver Trail
Loweton, WY 20978",Romania,Port Dillonborough,27900,1996-04-15 19:20:50,001-660-641-7630x556,"('UGX', 'Ugandan shilling')",5.376344086021505
Donna Mccullough,pphillips@gmail.com,"6133 Samuel Shoals
Janicefurt, ID 35818",Solomon Islands,Elizabethfort,70045,826-59-6451,Professor Emeritus,Miller-Graham,"34562 Samantha Forest Apt. 947
Nathanmouth, OR 66232",Antarctica (the territory South of 60 deg S),Leeburgh,72000,1997-09-19 13:39:37,550.431.6717,"('LSL', 'Lesotho loti')",16.666666666666668
Christina Jackson,shunt@roberts.org,"1677 Jones Via
East Bryan, PA 74982",Guatemala,Boydmouth,76275,081-22-7582,Financial trader,"Graham, Higgins and Young","645 Jackson Mission Apt. 339
Lake Kenneth, CA 04525",French Southern Territories,North Jeremychester,79775,1987-10-13 13:59:21,220-380-5443x9821,"('GHS', 'Ghanaian cedi')",6.097560975609756
Stacey Brewer MD,calebromero@gordon.org,"3916 Myers Wells Suite 439
Port Sara, WY 06584",Tonga,Lake Laura,64689,115-46-2658,Horticultural therapist,"Burke, Rhodes and Phillips","8497 Lee Plaza Apt. 629
West Timothyborough, OH 49380",Cocos (Keeling) Islands,West Raychester,33321,1984-07-06 23:46:15,659.245.8849x56471,"('ILS', 'Israeli new shekel')",11.11111111111111
Amber Ryan,wwhite@ramirez-nelson.info,"104 Jimmy Greens Suite 904
Jasminemouth, OH 33873",Western Sahara,Allenshire,10799,527-06-7630,"Copywriter, advertising","Martinez, Marsh and Singh","5069 Ricky Mission
Johnstonchester, NV 42425",Turkmenistan,Jamesborough,12318,1989-09-14 12:05:47,(263)845-5525x61252,"('TOP', 'Tongan paʻanga')",5.813953488372093
Melissa Moore,bpeterson@king.com,"416 Hall Groves
Kathleenview, OR 33984",Senegal,Thomasview,42325,792-10-4072,Planning and development surveyor,Cameron Group,"PSC 2396, Box 1383
APO AA 39161",Azerbaijan,Garrettborough,57057,2008-11-15 11:33:40,+1-281-454-4159x08353,"('GHS', 'Ghanaian cedi')",5.617977528089888
Thomas Martin,amandacarter@yahoo.com,"7311 Stewart Trafficway
Lake Charleshaven, SC 18809",Thailand,West Elizabeth,30069,869-55-4343,Insurance claims handler,Nunez-Morgan,"3008 Kelli Manor Apt. 821
New Michelleview, NH 74984",Bahrain,West Carolyn,01520,1978-08-31 18:21:08,194.104.2666,"('BTN', 'Bhutanese ngultrum')",27.77777777777778
Patricia Hamilton,derricknash@gmail.com,"Unit 1391 Box 5706
DPO AA 22737",Sweden,Jenniferbury,01298,476-43-5296,Nutritional therapist,"Fletcher, Garcia and Stewart","4996 Elizabeth Centers
Lovefort, MS 14960",Uzbekistan,Lake Josephport,89710,1979-12-16 10:05:30,(986)674-1746x9377,"('HTG', 'Haitian gourde')",5.617977528089888
Jennifer Faulkner,ucervantes@gmail.com,"6913 Mason Extension Apt. 072
West Leslieton, NE 90426",Saint Lucia,North Peterview,22827,100-83-2570,"Designer, fashion/clothing",Grant and Sons,"372 Brandon Plains
Julieshire, MD 89421",Cambodia,Davisburgh,35118,2008-05-29 08:08:09,(227)243-3348x8430,"('IRR', 'Iranian rial')",12.195121951219512
Alexander Green,bfreeman@gmail.com,"7867 Thomas Freeway
Stephensview, MO 75790",French Polynesia,East Neil,80195,267-11-8991,"Secretary, company","Johnson, Hicks and King","2597 Roger Inlet Suite 683
Joshuamouth, NH 48497",Ghana,South Omar,19471,1978-02-13 11:04:54,(160)712-6273,"('MMK', 'Burmese kyat')",8.928571428571429
Amy Delgado,xsanchez@curtis.com,"82791 Aguilar Fort
Michaelton, OH 31357",South Georgia and the South Sandwich Islands,Lake Angela,15893,289-37-2669,Wellsite geologist,"Anderson, Brown and Rich","1883 Theresa Plaza Apt. 502
East Danielhaven, TN 24110",Heard Island and McDonald Islands,Alanport,28040,2017-09-12 15:48:36,001-275-176-5098,"('NIO', 'Nicaraguan córdoba')",10.416666666666666
Luke Ray,carolynhumphrey@gmail.com,"2560 Michael Glen
Osbornefurt, AZ 70568",Gambia,North Vanessaport,63531,819-45-4331,"Geologist, wellsite",Vazquez-Haynes,"9086 Watson Row
North Jocelynside, OH 59788",Netherlands,Dorothyshire,79382,1981-06-19 07:43:12,450.233.0126,"('GTQ', 'Guatemalan quetzal')",83.33333333333333
